/*****DATOS PREELIMINARES NECESARIOS PARA QUE FUNCIONEN ALGUNAS CONSULTAS*****/
INSERT [dbo].[CLIENTE] ([ID_CLIENTE], [NOMBRE], [APELLIDOS], [TELEFONO], [DIRECCION], [CORREO], [RFC]) VALUES (N'9703bd7f-7a8a-4365-bcd6-149854387b27', N'Antonio', N'Leal Valdez', N'8114787450', N'Av.Lopez Mateos #1201', N'antoniteach@gmail.com', N'ANT74ASD8QJ5D')
INSERT [dbo].[CLIENTE] ([ID_CLIENTE], [NOMBRE], [APELLIDOS], [TELEFONO], [DIRECCION], [CORREO], [RFC]) VALUES (N'1e6402dd-18db-40f5-bfcc-1f0e9ce612eb', N'Juana', N'Villanueva Andrare', N'8118784502', N'Av.Acesnsio #848', N'secu34dired@gmail.com', N'JUA78QAS3245D')
INSERT [dbo].[CLIENTE] ([ID_CLIENTE], [NOMBRE], [APELLIDOS], [TELEFONO], [DIRECCION], [CORREO], [RFC]) VALUES (N'8c87442a-a9d1-495e-93ac-22cbcb9ab908', N'Miguel', N'Martinez Palma', N'8114598760', N'Av.Los Pericos #3991', N'miguel.mtzza@hotmail.com', N'MA1257AQWE74Y')
INSERT [dbo].[CLIENTE] ([ID_CLIENTE], [NOMBRE], [APELLIDOS], [TELEFONO], [DIRECCION], [CORREO], [RFC]) VALUES (N'dac8f928-5e27-4e21-a820-2d4013b851af', N'Alondra', N'Medellín Nieto', N'8186593021', N'Av.París #405', N'alomtz@gmail.com', N'ASQ45Q5WSADER')
INSERT [dbo].[CLIENTE] ([ID_CLIENTE], [NOMBRE], [APELLIDOS], [TELEFONO], [DIRECCION], [CORREO], [RFC]) VALUES (N'9ae25805-8323-48d3-9dd8-3ff43a0cef59', N'Guillermina', N'Treviño Rodriguez', N'8112035689', N'Av.Unión #607', N'guilleralca@gmail.com', N'GATRE784FG15Q')
INSERT [dbo].[CLIENTE] ([ID_CLIENTE], [NOMBRE], [APELLIDOS], [TELEFONO], [DIRECCION], [CORREO], [RFC]) VALUES (N'ab44eeff-4cdd-4761-a828-50f467b71a87', N'Daniel', N'Hernandez Perez', N'8115632018', N'Av.Puerto Rico #807', N'daniel.herdz@gmailcom', N'DAHEPE878AS45')
INSERT [dbo].[CLIENTE] ([ID_CLIENTE], [NOMBRE], [APELLIDOS], [TELEFONO], [DIRECCION], [CORREO], [RFC]) VALUES (N'0f764280-baf7-460e-b2d5-64fd24359c5a', N'Laura', N'Mendez Lopez', N'8112036945', N'Av.Azteca #102', N'laura.fda223@gmail.com', N'ADQES7845QW45')
INSERT [dbo].[CLIENTE] ([ID_CLIENTE], [NOMBRE], [APELLIDOS], [TELEFONO], [DIRECCION], [CORREO], [RFC]) VALUES (N'e1acba54-ecbb-4dfc-a8a5-66b87b97144c', N'Howard', N'Jazzo Arce', N'8116532098', N'Av.Solaris #5512', N'howa523@gmail.com', N'HOW45QW5A4S72')
INSERT [dbo].[CLIENTE] ([ID_CLIENTE], [NOMBRE], [APELLIDOS], [TELEFONO], [DIRECCION], [CORREO], [RFC]) VALUES (N'8999e1ac-e6ea-410b-90b1-6e564e6c50bb', N'Nestor', N'Calderón Hinojosa', N'8114966390', N'Av.Recurso #457', N'nestcal@gmail.com', N'NES78405AQW16')
INSERT [dbo].[CLIENTE] ([ID_CLIENTE], [NOMBRE], [APELLIDOS], [TELEFONO], [DIRECCION], [CORREO], [RFC]) VALUES (N'3dbd10f5-9610-4506-8383-7d555a684c05', N'Romina', N'Marcial Ramírez', N'8184569874', N'Av.America #402', N'romimaerxc@gmail.com', N'ROM78QW4DFR1Q')
INSERT [dbo].[CLIENTE] ([ID_CLIENTE], [NOMBRE], [APELLIDOS], [TELEFONO], [DIRECCION], [CORREO], [RFC]) VALUES (N'80c9f126-4c73-444b-93fa-7d855f59d325', N'Angel', N'Monteverde Treviño', N'8180850589', N'Av.Las Flores #503', N'angel.monteverde@gmail.com', N'MOTEAN8754GH2')
INSERT [dbo].[CLIENTE] ([ID_CLIENTE], [NOMBRE], [APELLIDOS], [TELEFONO], [DIRECCION], [CORREO], [RFC]) VALUES (N'131f7871-e82c-461b-ad6a-7dda720a24a4', N'Hugo', N'Zapata Flores', N'8189974521', N'Av.Zanja #181', N'hugomessi@gmail.com', N'HUG45QAX96FAQ')
INSERT [dbo].[CLIENTE] ([ID_CLIENTE], [NOMBRE], [APELLIDOS], [TELEFONO], [DIRECCION], [CORREO], [RFC]) VALUES (N'ba2f8bfa-3272-4415-9203-84d59ea901d7', N'Enrique', N'Nuñez Mendez', N'811420123', N'Av.Los Pinos #525', N'peñalord@gmail.com', N'ENR784AQWS45E')
INSERT [dbo].[CLIENTE] ([ID_CLIENTE], [NOMBRE], [APELLIDOS], [TELEFONO], [DIRECCION], [CORREO], [RFC]) VALUES (N'37ff2a71-e7e5-47c4-98c7-9042b6f8c50f', N'Amelia', N'Aldape Farias', N'8184551269', N'Av.Cerro Alto #800', N'amealdp@outlook.com', N'AME784QWAZ4HG')
INSERT [dbo].[CLIENTE] ([ID_CLIENTE], [NOMBRE], [APELLIDOS], [TELEFONO], [DIRECCION], [CORREO], [RFC]) VALUES (N'b4e3bc6b-3531-407c-a1ee-958f21d622f9', N'Pedro', N'Lora Jimenez', N'8113651200', N'Av.Lomas #921', N'pedroloa@gmail.com', N'DFGT45TR555A0')
INSERT [dbo].[CLIENTE] ([ID_CLIENTE], [NOMBRE], [APELLIDOS], [TELEFONO], [DIRECCION], [CORREO], [RFC]) VALUES (N'4c860628-cea9-477a-89bd-9d54dd139d27', N'Lorena', N'Cortez Cruz', N'81178895610', N'Av.Madero #7845', N'lorenaliuz@hotmail.com', N'LORE145A51520')
INSERT [dbo].[CLIENTE] ([ID_CLIENTE], [NOMBRE], [APELLIDOS], [TELEFONO], [DIRECCION], [CORREO], [RFC]) VALUES (N'3f0d1cad-0a84-4a23-b091-a3597b6c097a', N'Abraham', N'Guerrero Ramírez', N'8184778963', N'Av.Leones #301', N'abrahama.bobq@gmail.com', N'AQWS458FDV78Q')
INSERT [dbo].[CLIENTE] ([ID_CLIENTE], [NOMBRE], [APELLIDOS], [TELEFONO], [DIRECCION], [CORREO], [RFC]) VALUES (N'89badcb2-88be-46e1-9d28-cf59231c31b4', N'Francisco', N'Torres Davila', N'8186302169', N'Av.Lampazos #112', N'pacoqdo@gmail.com', N'PACQ8D4R5645F')
INSERT [dbo].[CLIENTE] ([ID_CLIENTE], [NOMBRE], [APELLIDOS], [TELEFONO], [DIRECCION], [CORREO], [RFC]) VALUES (N'd93b7938-e199-48a7-8fde-ea5ee5fa68a2', N'Fatima', N'Torres Sacanelles', N'8116535201', N'Av.Bradford #207', N'fatidark@gmail.com', N'FAT45SC57TR45')
INSERT [dbo].[CLIENTE] ([ID_CLIENTE], [NOMBRE], [APELLIDOS], [TELEFONO], [DIRECCION], [CORREO], [RFC]) VALUES (N'e537968c-cbb7-4806-9607-f749d0694d7d', N'Lizbeth', N'Salazar Tamez', N'8184547100', N'Av.Bakula #6054', N'lizbeax@gmail.com', N'LIZ784SA12TA2')
INSERT [dbo].[DETALLE_COMPRA_ORDEN] ([ID_DETALLE_COMPRA], [ID_ORDEN_COMPRA]) VALUES (N'bc14e901-7a7c-440a-9026-c8c00e460c74', N'91cf6fae-bafa-4e36-930d-0ddd9235e2bc')
INSERT [dbo].[DETALLE_COMPRA_ORDEN] ([ID_DETALLE_COMPRA], [ID_ORDEN_COMPRA]) VALUES (N'c0f4538f-52bf-42e5-b1ab-dbf44eeeaf12', N'46bfee9e-29da-4f68-9c66-38ac1955f034')
INSERT [dbo].[DETALLE_COMPRA_ORDEN] ([ID_DETALLE_COMPRA], [ID_ORDEN_COMPRA]) VALUES (N'dd6fc365-3a1e-4aa5-9699-f9d363016ee2', N'9778b42f-9803-4d82-9664-391c0638a859')
INSERT [dbo].[DETALLE_COMPRA_ORDEN] ([ID_DETALLE_COMPRA], [ID_ORDEN_COMPRA]) VALUES (N'd38f4f3b-db33-44c1-9318-fd25efb5a244', N'82c21576-04a4-4fca-b2a5-527851beaf5d')
INSERT [dbo].[DETALLE_COMPRA_ORDEN] ([ID_DETALLE_COMPRA], [ID_ORDEN_COMPRA]) VALUES (N'80881293-b9e6-4d75-8690-0ef274e14b3b', N'bed5d4ef-5074-4339-afb4-73591316b2ed')
INSERT [dbo].[DETALLE_COMPRA_ORDEN] ([ID_DETALLE_COMPRA], [ID_ORDEN_COMPRA]) VALUES (N'9b2028b9-82d3-4b0b-abd7-247c45621e2b', N'f8d91eef-4941-417b-90f3-9ea2dfbb3c72')
INSERT [dbo].[DETALLE_COMPRA_ORDEN] ([ID_DETALLE_COMPRA], [ID_ORDEN_COMPRA]) VALUES (N'1a634a57-0dcc-4b79-8105-e317ada97307', N'b30aff86-cfc4-49c6-82d9-a1f13f0e5bf6')
INSERT [dbo].[DETALLE_COMPRA_ORDEN] ([ID_DETALLE_COMPRA], [ID_ORDEN_COMPRA]) VALUES (N'040b99ea-0b6b-401e-b510-66c8a98d8aef', N'f9ef0151-8acd-4800-a740-c7d872cfac1b')
INSERT [dbo].[DETALLE_COMPRA_ORDEN] ([ID_DETALLE_COMPRA], [ID_ORDEN_COMPRA]) VALUES (N'1106ed6a-b4df-4965-b373-dd96159296b5', N'b7487a53-9538-4398-9102-cb6ff439cb5e')
INSERT [dbo].[DETALLE_COMPRA_ORDEN] ([ID_DETALLE_COMPRA], [ID_ORDEN_COMPRA]) VALUES (N'ffa56c7d-3ed5-4dc7-a4e2-169379e624f6', N'a7e33a4b-c500-48a7-a928-ce4b8ad542df')
INSERT [dbo].[DETALLE_PRODUCTO] ([ID_DETALLE_COMPRA], [ID_PRODUCTO]) VALUES (N'bc14e901-7a7c-440a-9026-c8c00e460c74', N'210a66a9-0e71-45d3-b076-10502a970096')
INSERT [dbo].[DETALLE_PRODUCTO] ([ID_DETALLE_COMPRA], [ID_PRODUCTO]) VALUES (N'bc14e901-7a7c-440a-9026-c8c00e460c74', N'602a33a8-7ec3-4925-8c23-13864e4c7429')
INSERT [dbo].[DETALLE_PRODUCTO] ([ID_DETALLE_COMPRA], [ID_PRODUCTO]) VALUES (N'bc14e901-7a7c-440a-9026-c8c00e460c74', N'403bd7eb-faf6-4394-8efc-228df7487654')
INSERT [dbo].[DETALLE_PRODUCTO] ([ID_DETALLE_COMPRA], [ID_PRODUCTO]) VALUES (N'bc14e901-7a7c-440a-9026-c8c00e460c74', N'27e313c7-da6d-4985-a773-2a027a58d065')
INSERT [dbo].[DETALLE_PRODUCTO] ([ID_DETALLE_COMPRA], [ID_PRODUCTO]) VALUES (N'bc14e901-7a7c-440a-9026-c8c00e460c74', N'b26f53e8-620a-44f0-81a3-44121b81e245')
INSERT [dbo].[DETALLE_PRODUCTO] ([ID_DETALLE_COMPRA], [ID_PRODUCTO]) VALUES (N'bc14e901-7a7c-440a-9026-c8c00e460c74', N'bcb08da2-697c-4697-ab46-4a18813dd9dd')
INSERT [dbo].[DETALLE_PRODUCTO] ([ID_DETALLE_COMPRA], [ID_PRODUCTO]) VALUES (N'bc14e901-7a7c-440a-9026-c8c00e460c74', N'f5199e7e-dce5-4cef-8860-4d7d68d92347')
INSERT [dbo].[DETALLE_PRODUCTO] ([ID_DETALLE_COMPRA], [ID_PRODUCTO]) VALUES (N'bc14e901-7a7c-440a-9026-c8c00e460c74', N'd9325116-f8fc-4969-a628-6424111bda8a')
INSERT [dbo].[DETALLE_PRODUCTO] ([ID_DETALLE_COMPRA], [ID_PRODUCTO]) VALUES (N'bc14e901-7a7c-440a-9026-c8c00e460c74', N'c67aec2a-cfdb-4772-90c9-65094a6c92bd')
INSERT [dbo].[DETALLE_PRODUCTO] ([ID_DETALLE_COMPRA], [ID_PRODUCTO]) VALUES (N'bc14e901-7a7c-440a-9026-c8c00e460c74', N'b12be46c-1734-48bf-afdf-73043b5750e1')
INSERT [dbo].[DETALLE_PRODUCTO] ([ID_DETALLE_COMPRA], [ID_PRODUCTO]) VALUES (N'bc14e901-7a7c-440a-9026-c8c00e460c74', N'f4417cfc-0327-46d1-a020-762efe6e5da2')
INSERT [dbo].[DETALLE_PRODUCTO] ([ID_DETALLE_COMPRA], [ID_PRODUCTO]) VALUES (N'bc14e901-7a7c-440a-9026-c8c00e460c74', N'1db71fa7-8a92-4416-afb9-7992f3c1838b')
INSERT [dbo].[DETALLE_PRODUCTO] ([ID_DETALLE_COMPRA], [ID_PRODUCTO]) VALUES (N'bc14e901-7a7c-440a-9026-c8c00e460c74', N'3730d75d-bbac-42cd-8685-89c53a9f325e')
INSERT [dbo].[DETALLE_PRODUCTO] ([ID_DETALLE_COMPRA], [ID_PRODUCTO]) VALUES (N'bc14e901-7a7c-440a-9026-c8c00e460c74', N'202b8d96-77ed-4f7e-b30c-9f8c88084993')
INSERT [dbo].[DETALLE_PRODUCTO] ([ID_DETALLE_COMPRA], [ID_PRODUCTO]) VALUES (N'bc14e901-7a7c-440a-9026-c8c00e460c74', N'b2dbb3e4-5374-4736-a744-c660576c6016')
INSERT [dbo].[DETALLE_PRODUCTO] ([ID_DETALLE_COMPRA], [ID_PRODUCTO]) VALUES (N'bc14e901-7a7c-440a-9026-c8c00e460c74', N'7f7de1cf-b6c7-43f2-9bfa-cb8ff606a2c5')
INSERT [dbo].[DETALLE_PRODUCTO] ([ID_DETALLE_COMPRA], [ID_PRODUCTO]) VALUES (N'bc14e901-7a7c-440a-9026-c8c00e460c74', N'24e41a99-744a-454b-83f2-d85152720643')
INSERT [dbo].[DETALLE_PRODUCTO] ([ID_DETALLE_COMPRA], [ID_PRODUCTO]) VALUES (N'bc14e901-7a7c-440a-9026-c8c00e460c74', N'9a2e8a7b-8daa-4ff1-98f3-e063eae3f016')
INSERT [dbo].[DETALLE_PRODUCTO] ([ID_DETALLE_COMPRA], [ID_PRODUCTO]) VALUES (N'bc14e901-7a7c-440a-9026-c8c00e460c74', N'c781ead6-7a74-4c50-a62c-e54cb2347549')
INSERT [dbo].[DETALLE_PRODUCTO] ([ID_DETALLE_COMPRA], [ID_PRODUCTO]) VALUES (N'bc14e901-7a7c-440a-9026-c8c00e460c74', N'1fe9d07f-99cb-4954-baf4-ef2758cecff7')
INSERT [dbo].[DETALLE_PRODUCTO] ([ID_DETALLE_COMPRA], [ID_PRODUCTO]) VALUES (N'c0f4538f-52bf-42e5-b1ab-dbf44eeeaf12', N'210a66a9-0e71-45d3-b076-10502a970096')
INSERT [dbo].[DETALLE_PRODUCTO] ([ID_DETALLE_COMPRA], [ID_PRODUCTO]) VALUES (N'c0f4538f-52bf-42e5-b1ab-dbf44eeeaf12', N'602a33a8-7ec3-4925-8c23-13864e4c7429')
INSERT [dbo].[DETALLE_PRODUCTO] ([ID_DETALLE_COMPRA], [ID_PRODUCTO]) VALUES (N'c0f4538f-52bf-42e5-b1ab-dbf44eeeaf12', N'403bd7eb-faf6-4394-8efc-228df7487654')
INSERT [dbo].[DETALLE_PRODUCTO] ([ID_DETALLE_COMPRA], [ID_PRODUCTO]) VALUES (N'c0f4538f-52bf-42e5-b1ab-dbf44eeeaf12', N'27e313c7-da6d-4985-a773-2a027a58d065')
INSERT [dbo].[DETALLE_PRODUCTO] ([ID_DETALLE_COMPRA], [ID_PRODUCTO]) VALUES (N'c0f4538f-52bf-42e5-b1ab-dbf44eeeaf12', N'b26f53e8-620a-44f0-81a3-44121b81e245')
INSERT [dbo].[DETALLE_PRODUCTO] ([ID_DETALLE_COMPRA], [ID_PRODUCTO]) VALUES (N'c0f4538f-52bf-42e5-b1ab-dbf44eeeaf12', N'bcb08da2-697c-4697-ab46-4a18813dd9dd')
INSERT [dbo].[DETALLE_PRODUCTO] ([ID_DETALLE_COMPRA], [ID_PRODUCTO]) VALUES (N'c0f4538f-52bf-42e5-b1ab-dbf44eeeaf12', N'f5199e7e-dce5-4cef-8860-4d7d68d92347')
INSERT [dbo].[DETALLE_PRODUCTO] ([ID_DETALLE_COMPRA], [ID_PRODUCTO]) VALUES (N'c0f4538f-52bf-42e5-b1ab-dbf44eeeaf12', N'd9325116-f8fc-4969-a628-6424111bda8a')
INSERT [dbo].[DETALLE_PRODUCTO] ([ID_DETALLE_COMPRA], [ID_PRODUCTO]) VALUES (N'c0f4538f-52bf-42e5-b1ab-dbf44eeeaf12', N'c67aec2a-cfdb-4772-90c9-65094a6c92bd')
INSERT [dbo].[DETALLE_PRODUCTO] ([ID_DETALLE_COMPRA], [ID_PRODUCTO]) VALUES (N'c0f4538f-52bf-42e5-b1ab-dbf44eeeaf12', N'b12be46c-1734-48bf-afdf-73043b5750e1')
INSERT [dbo].[DETALLE_PRODUCTO] ([ID_DETALLE_COMPRA], [ID_PRODUCTO]) VALUES (N'c0f4538f-52bf-42e5-b1ab-dbf44eeeaf12', N'f4417cfc-0327-46d1-a020-762efe6e5da2')
INSERT [dbo].[DETALLE_PRODUCTO] ([ID_DETALLE_COMPRA], [ID_PRODUCTO]) VALUES (N'c0f4538f-52bf-42e5-b1ab-dbf44eeeaf12', N'1db71fa7-8a92-4416-afb9-7992f3c1838b')
INSERT [dbo].[DETALLE_PRODUCTO] ([ID_DETALLE_COMPRA], [ID_PRODUCTO]) VALUES (N'c0f4538f-52bf-42e5-b1ab-dbf44eeeaf12', N'3730d75d-bbac-42cd-8685-89c53a9f325e')
INSERT [dbo].[DETALLE_PRODUCTO] ([ID_DETALLE_COMPRA], [ID_PRODUCTO]) VALUES (N'c0f4538f-52bf-42e5-b1ab-dbf44eeeaf12', N'202b8d96-77ed-4f7e-b30c-9f8c88084993')
INSERT [dbo].[DETALLE_PRODUCTO] ([ID_DETALLE_COMPRA], [ID_PRODUCTO]) VALUES (N'c0f4538f-52bf-42e5-b1ab-dbf44eeeaf12', N'b2dbb3e4-5374-4736-a744-c660576c6016')
INSERT [dbo].[DETALLE_PRODUCTO] ([ID_DETALLE_COMPRA], [ID_PRODUCTO]) VALUES (N'c0f4538f-52bf-42e5-b1ab-dbf44eeeaf12', N'7f7de1cf-b6c7-43f2-9bfa-cb8ff606a2c5')
INSERT [dbo].[DETALLE_PRODUCTO] ([ID_DETALLE_COMPRA], [ID_PRODUCTO]) VALUES (N'c0f4538f-52bf-42e5-b1ab-dbf44eeeaf12', N'24e41a99-744a-454b-83f2-d85152720643')
INSERT [dbo].[DETALLE_PRODUCTO] ([ID_DETALLE_COMPRA], [ID_PRODUCTO]) VALUES (N'c0f4538f-52bf-42e5-b1ab-dbf44eeeaf12', N'9a2e8a7b-8daa-4ff1-98f3-e063eae3f016')
INSERT [dbo].[DETALLE_PRODUCTO] ([ID_DETALLE_COMPRA], [ID_PRODUCTO]) VALUES (N'c0f4538f-52bf-42e5-b1ab-dbf44eeeaf12', N'c781ead6-7a74-4c50-a62c-e54cb2347549')
INSERT [dbo].[DETALLE_PRODUCTO] ([ID_DETALLE_COMPRA], [ID_PRODUCTO]) VALUES (N'c0f4538f-52bf-42e5-b1ab-dbf44eeeaf12', N'1fe9d07f-99cb-4954-baf4-ef2758cecff7')
INSERT [dbo].[DETALLE_PRODUCTO] ([ID_DETALLE_COMPRA], [ID_PRODUCTO]) VALUES (N'dd6fc365-3a1e-4aa5-9699-f9d363016ee2', N'210a66a9-0e71-45d3-b076-10502a970096')
INSERT [dbo].[DETALLE_PRODUCTO] ([ID_DETALLE_COMPRA], [ID_PRODUCTO]) VALUES (N'dd6fc365-3a1e-4aa5-9699-f9d363016ee2', N'602a33a8-7ec3-4925-8c23-13864e4c7429')
INSERT [dbo].[DETALLE_PRODUCTO] ([ID_DETALLE_COMPRA], [ID_PRODUCTO]) VALUES (N'dd6fc365-3a1e-4aa5-9699-f9d363016ee2', N'403bd7eb-faf6-4394-8efc-228df7487654')
INSERT [dbo].[DETALLE_PRODUCTO] ([ID_DETALLE_COMPRA], [ID_PRODUCTO]) VALUES (N'dd6fc365-3a1e-4aa5-9699-f9d363016ee2', N'27e313c7-da6d-4985-a773-2a027a58d065')
INSERT [dbo].[DETALLE_PRODUCTO] ([ID_DETALLE_COMPRA], [ID_PRODUCTO]) VALUES (N'dd6fc365-3a1e-4aa5-9699-f9d363016ee2', N'b26f53e8-620a-44f0-81a3-44121b81e245')
INSERT [dbo].[DETALLE_PRODUCTO] ([ID_DETALLE_COMPRA], [ID_PRODUCTO]) VALUES (N'dd6fc365-3a1e-4aa5-9699-f9d363016ee2', N'bcb08da2-697c-4697-ab46-4a18813dd9dd')
INSERT [dbo].[DETALLE_PRODUCTO] ([ID_DETALLE_COMPRA], [ID_PRODUCTO]) VALUES (N'dd6fc365-3a1e-4aa5-9699-f9d363016ee2', N'f5199e7e-dce5-4cef-8860-4d7d68d92347')
INSERT [dbo].[DETALLE_PRODUCTO] ([ID_DETALLE_COMPRA], [ID_PRODUCTO]) VALUES (N'dd6fc365-3a1e-4aa5-9699-f9d363016ee2', N'd9325116-f8fc-4969-a628-6424111bda8a')
INSERT [dbo].[DETALLE_PRODUCTO] ([ID_DETALLE_COMPRA], [ID_PRODUCTO]) VALUES (N'dd6fc365-3a1e-4aa5-9699-f9d363016ee2', N'c67aec2a-cfdb-4772-90c9-65094a6c92bd')
INSERT [dbo].[DETALLE_PRODUCTO] ([ID_DETALLE_COMPRA], [ID_PRODUCTO]) VALUES (N'dd6fc365-3a1e-4aa5-9699-f9d363016ee2', N'b12be46c-1734-48bf-afdf-73043b5750e1')
INSERT [dbo].[DETALLE_PRODUCTO] ([ID_DETALLE_COMPRA], [ID_PRODUCTO]) VALUES (N'dd6fc365-3a1e-4aa5-9699-f9d363016ee2', N'f4417cfc-0327-46d1-a020-762efe6e5da2')
INSERT [dbo].[DETALLE_PRODUCTO] ([ID_DETALLE_COMPRA], [ID_PRODUCTO]) VALUES (N'dd6fc365-3a1e-4aa5-9699-f9d363016ee2', N'1db71fa7-8a92-4416-afb9-7992f3c1838b')
INSERT [dbo].[DETALLE_PRODUCTO] ([ID_DETALLE_COMPRA], [ID_PRODUCTO]) VALUES (N'dd6fc365-3a1e-4aa5-9699-f9d363016ee2', N'3730d75d-bbac-42cd-8685-89c53a9f325e')
INSERT [dbo].[DETALLE_PRODUCTO] ([ID_DETALLE_COMPRA], [ID_PRODUCTO]) VALUES (N'dd6fc365-3a1e-4aa5-9699-f9d363016ee2', N'202b8d96-77ed-4f7e-b30c-9f8c88084993')
INSERT [dbo].[DETALLE_PRODUCTO] ([ID_DETALLE_COMPRA], [ID_PRODUCTO]) VALUES (N'dd6fc365-3a1e-4aa5-9699-f9d363016ee2', N'b2dbb3e4-5374-4736-a744-c660576c6016')
INSERT [dbo].[DETALLE_PRODUCTO] ([ID_DETALLE_COMPRA], [ID_PRODUCTO]) VALUES (N'dd6fc365-3a1e-4aa5-9699-f9d363016ee2', N'7f7de1cf-b6c7-43f2-9bfa-cb8ff606a2c5')
INSERT [dbo].[DETALLE_PRODUCTO] ([ID_DETALLE_COMPRA], [ID_PRODUCTO]) VALUES (N'dd6fc365-3a1e-4aa5-9699-f9d363016ee2', N'24e41a99-744a-454b-83f2-d85152720643')
INSERT [dbo].[DETALLE_PRODUCTO] ([ID_DETALLE_COMPRA], [ID_PRODUCTO]) VALUES (N'dd6fc365-3a1e-4aa5-9699-f9d363016ee2', N'9a2e8a7b-8daa-4ff1-98f3-e063eae3f016')
INSERT [dbo].[DETALLE_PRODUCTO] ([ID_DETALLE_COMPRA], [ID_PRODUCTO]) VALUES (N'dd6fc365-3a1e-4aa5-9699-f9d363016ee2', N'c781ead6-7a74-4c50-a62c-e54cb2347549')
INSERT [dbo].[DETALLE_PRODUCTO] ([ID_DETALLE_COMPRA], [ID_PRODUCTO]) VALUES (N'dd6fc365-3a1e-4aa5-9699-f9d363016ee2', N'1fe9d07f-99cb-4954-baf4-ef2758cecff7')
INSERT [dbo].[DETALLE_PRODUCTO] ([ID_DETALLE_COMPRA], [ID_PRODUCTO]) VALUES (N'd38f4f3b-db33-44c1-9318-fd25efb5a244', N'210a66a9-0e71-45d3-b076-10502a970096')
INSERT [dbo].[DETALLE_PRODUCTO] ([ID_DETALLE_COMPRA], [ID_PRODUCTO]) VALUES (N'd38f4f3b-db33-44c1-9318-fd25efb5a244', N'602a33a8-7ec3-4925-8c23-13864e4c7429')
INSERT [dbo].[DETALLE_PRODUCTO] ([ID_DETALLE_COMPRA], [ID_PRODUCTO]) VALUES (N'd38f4f3b-db33-44c1-9318-fd25efb5a244', N'403bd7eb-faf6-4394-8efc-228df7487654')
INSERT [dbo].[DETALLE_PRODUCTO] ([ID_DETALLE_COMPRA], [ID_PRODUCTO]) VALUES (N'd38f4f3b-db33-44c1-9318-fd25efb5a244', N'27e313c7-da6d-4985-a773-2a027a58d065')
INSERT [dbo].[DETALLE_PRODUCTO] ([ID_DETALLE_COMPRA], [ID_PRODUCTO]) VALUES (N'd38f4f3b-db33-44c1-9318-fd25efb5a244', N'b26f53e8-620a-44f0-81a3-44121b81e245')
INSERT [dbo].[DETALLE_PRODUCTO] ([ID_DETALLE_COMPRA], [ID_PRODUCTO]) VALUES (N'd38f4f3b-db33-44c1-9318-fd25efb5a244', N'bcb08da2-697c-4697-ab46-4a18813dd9dd')
INSERT [dbo].[DETALLE_PRODUCTO] ([ID_DETALLE_COMPRA], [ID_PRODUCTO]) VALUES (N'd38f4f3b-db33-44c1-9318-fd25efb5a244', N'f5199e7e-dce5-4cef-8860-4d7d68d92347')
INSERT [dbo].[DETALLE_PRODUCTO] ([ID_DETALLE_COMPRA], [ID_PRODUCTO]) VALUES (N'd38f4f3b-db33-44c1-9318-fd25efb5a244', N'd9325116-f8fc-4969-a628-6424111bda8a')
INSERT [dbo].[DETALLE_PRODUCTO] ([ID_DETALLE_COMPRA], [ID_PRODUCTO]) VALUES (N'd38f4f3b-db33-44c1-9318-fd25efb5a244', N'c67aec2a-cfdb-4772-90c9-65094a6c92bd')
INSERT [dbo].[DETALLE_PRODUCTO] ([ID_DETALLE_COMPRA], [ID_PRODUCTO]) VALUES (N'd38f4f3b-db33-44c1-9318-fd25efb5a244', N'b12be46c-1734-48bf-afdf-73043b5750e1')
INSERT [dbo].[DETALLE_PRODUCTO] ([ID_DETALLE_COMPRA], [ID_PRODUCTO]) VALUES (N'd38f4f3b-db33-44c1-9318-fd25efb5a244', N'f4417cfc-0327-46d1-a020-762efe6e5da2')
INSERT [dbo].[DETALLE_PRODUCTO] ([ID_DETALLE_COMPRA], [ID_PRODUCTO]) VALUES (N'd38f4f3b-db33-44c1-9318-fd25efb5a244', N'1db71fa7-8a92-4416-afb9-7992f3c1838b')
INSERT [dbo].[DETALLE_PRODUCTO] ([ID_DETALLE_COMPRA], [ID_PRODUCTO]) VALUES (N'd38f4f3b-db33-44c1-9318-fd25efb5a244', N'3730d75d-bbac-42cd-8685-89c53a9f325e')
INSERT [dbo].[DETALLE_PRODUCTO] ([ID_DETALLE_COMPRA], [ID_PRODUCTO]) VALUES (N'd38f4f3b-db33-44c1-9318-fd25efb5a244', N'202b8d96-77ed-4f7e-b30c-9f8c88084993')
INSERT [dbo].[DETALLE_PRODUCTO] ([ID_DETALLE_COMPRA], [ID_PRODUCTO]) VALUES (N'd38f4f3b-db33-44c1-9318-fd25efb5a244', N'b2dbb3e4-5374-4736-a744-c660576c6016')
INSERT [dbo].[DETALLE_PRODUCTO] ([ID_DETALLE_COMPRA], [ID_PRODUCTO]) VALUES (N'd38f4f3b-db33-44c1-9318-fd25efb5a244', N'7f7de1cf-b6c7-43f2-9bfa-cb8ff606a2c5')
INSERT [dbo].[DETALLE_PRODUCTO] ([ID_DETALLE_COMPRA], [ID_PRODUCTO]) VALUES (N'd38f4f3b-db33-44c1-9318-fd25efb5a244', N'24e41a99-744a-454b-83f2-d85152720643')
INSERT [dbo].[DETALLE_PRODUCTO] ([ID_DETALLE_COMPRA], [ID_PRODUCTO]) VALUES (N'd38f4f3b-db33-44c1-9318-fd25efb5a244', N'9a2e8a7b-8daa-4ff1-98f3-e063eae3f016')
INSERT [dbo].[DETALLE_PRODUCTO] ([ID_DETALLE_COMPRA], [ID_PRODUCTO]) VALUES (N'd38f4f3b-db33-44c1-9318-fd25efb5a244', N'c781ead6-7a74-4c50-a62c-e54cb2347549')
INSERT [dbo].[DETALLE_PRODUCTO] ([ID_DETALLE_COMPRA], [ID_PRODUCTO]) VALUES (N'd38f4f3b-db33-44c1-9318-fd25efb5a244', N'1fe9d07f-99cb-4954-baf4-ef2758cecff7')
INSERT [dbo].[DETALLE_PRODUCTO] ([ID_DETALLE_COMPRA], [ID_PRODUCTO]) VALUES (N'80881293-b9e6-4d75-8690-0ef274e14b3b', N'210a66a9-0e71-45d3-b076-10502a970096')
INSERT [dbo].[DETALLE_PRODUCTO] ([ID_DETALLE_COMPRA], [ID_PRODUCTO]) VALUES (N'80881293-b9e6-4d75-8690-0ef274e14b3b', N'602a33a8-7ec3-4925-8c23-13864e4c7429')
INSERT [dbo].[DETALLE_PRODUCTO] ([ID_DETALLE_COMPRA], [ID_PRODUCTO]) VALUES (N'80881293-b9e6-4d75-8690-0ef274e14b3b', N'403bd7eb-faf6-4394-8efc-228df7487654')
INSERT [dbo].[DETALLE_PRODUCTO] ([ID_DETALLE_COMPRA], [ID_PRODUCTO]) VALUES (N'80881293-b9e6-4d75-8690-0ef274e14b3b', N'27e313c7-da6d-4985-a773-2a027a58d065')
INSERT [dbo].[DETALLE_PRODUCTO] ([ID_DETALLE_COMPRA], [ID_PRODUCTO]) VALUES (N'80881293-b9e6-4d75-8690-0ef274e14b3b', N'b26f53e8-620a-44f0-81a3-44121b81e245')
INSERT [dbo].[DETALLE_PRODUCTO] ([ID_DETALLE_COMPRA], [ID_PRODUCTO]) VALUES (N'80881293-b9e6-4d75-8690-0ef274e14b3b', N'bcb08da2-697c-4697-ab46-4a18813dd9dd')
INSERT [dbo].[DETALLE_PRODUCTO] ([ID_DETALLE_COMPRA], [ID_PRODUCTO]) VALUES (N'80881293-b9e6-4d75-8690-0ef274e14b3b', N'f5199e7e-dce5-4cef-8860-4d7d68d92347')
INSERT [dbo].[DETALLE_PRODUCTO] ([ID_DETALLE_COMPRA], [ID_PRODUCTO]) VALUES (N'80881293-b9e6-4d75-8690-0ef274e14b3b', N'd9325116-f8fc-4969-a628-6424111bda8a')
INSERT [dbo].[DETALLE_PRODUCTO] ([ID_DETALLE_COMPRA], [ID_PRODUCTO]) VALUES (N'80881293-b9e6-4d75-8690-0ef274e14b3b', N'c67aec2a-cfdb-4772-90c9-65094a6c92bd')
INSERT [dbo].[DETALLE_PRODUCTO] ([ID_DETALLE_COMPRA], [ID_PRODUCTO]) VALUES (N'80881293-b9e6-4d75-8690-0ef274e14b3b', N'b12be46c-1734-48bf-afdf-73043b5750e1')
INSERT [dbo].[DETALLE_PRODUCTO] ([ID_DETALLE_COMPRA], [ID_PRODUCTO]) VALUES (N'80881293-b9e6-4d75-8690-0ef274e14b3b', N'f4417cfc-0327-46d1-a020-762efe6e5da2')
INSERT [dbo].[DETALLE_PRODUCTO] ([ID_DETALLE_COMPRA], [ID_PRODUCTO]) VALUES (N'80881293-b9e6-4d75-8690-0ef274e14b3b', N'1db71fa7-8a92-4416-afb9-7992f3c1838b')
INSERT [dbo].[DETALLE_PRODUCTO] ([ID_DETALLE_COMPRA], [ID_PRODUCTO]) VALUES (N'80881293-b9e6-4d75-8690-0ef274e14b3b', N'3730d75d-bbac-42cd-8685-89c53a9f325e')
INSERT [dbo].[DETALLE_PRODUCTO] ([ID_DETALLE_COMPRA], [ID_PRODUCTO]) VALUES (N'80881293-b9e6-4d75-8690-0ef274e14b3b', N'202b8d96-77ed-4f7e-b30c-9f8c88084993')
INSERT [dbo].[DETALLE_PRODUCTO] ([ID_DETALLE_COMPRA], [ID_PRODUCTO]) VALUES (N'80881293-b9e6-4d75-8690-0ef274e14b3b', N'b2dbb3e4-5374-4736-a744-c660576c6016')
INSERT [dbo].[DETALLE_PRODUCTO] ([ID_DETALLE_COMPRA], [ID_PRODUCTO]) VALUES (N'80881293-b9e6-4d75-8690-0ef274e14b3b', N'7f7de1cf-b6c7-43f2-9bfa-cb8ff606a2c5')
INSERT [dbo].[DETALLE_PRODUCTO] ([ID_DETALLE_COMPRA], [ID_PRODUCTO]) VALUES (N'80881293-b9e6-4d75-8690-0ef274e14b3b', N'24e41a99-744a-454b-83f2-d85152720643')
INSERT [dbo].[DETALLE_PRODUCTO] ([ID_DETALLE_COMPRA], [ID_PRODUCTO]) VALUES (N'80881293-b9e6-4d75-8690-0ef274e14b3b', N'9a2e8a7b-8daa-4ff1-98f3-e063eae3f016')
INSERT [dbo].[DETALLE_PRODUCTO] ([ID_DETALLE_COMPRA], [ID_PRODUCTO]) VALUES (N'80881293-b9e6-4d75-8690-0ef274e14b3b', N'c781ead6-7a74-4c50-a62c-e54cb2347549')
INSERT [dbo].[DETALLE_PRODUCTO] ([ID_DETALLE_COMPRA], [ID_PRODUCTO]) VALUES (N'80881293-b9e6-4d75-8690-0ef274e14b3b', N'1fe9d07f-99cb-4954-baf4-ef2758cecff7')
GO
INSERT [dbo].[DETALLE_PRODUCTO] ([ID_DETALLE_COMPRA], [ID_PRODUCTO]) VALUES (N'9b2028b9-82d3-4b0b-abd7-247c45621e2b', N'210a66a9-0e71-45d3-b076-10502a970096')
INSERT [dbo].[DETALLE_PRODUCTO] ([ID_DETALLE_COMPRA], [ID_PRODUCTO]) VALUES (N'9b2028b9-82d3-4b0b-abd7-247c45621e2b', N'602a33a8-7ec3-4925-8c23-13864e4c7429')
INSERT [dbo].[DETALLE_PRODUCTO] ([ID_DETALLE_COMPRA], [ID_PRODUCTO]) VALUES (N'9b2028b9-82d3-4b0b-abd7-247c45621e2b', N'403bd7eb-faf6-4394-8efc-228df7487654')
INSERT [dbo].[DETALLE_PRODUCTO] ([ID_DETALLE_COMPRA], [ID_PRODUCTO]) VALUES (N'9b2028b9-82d3-4b0b-abd7-247c45621e2b', N'27e313c7-da6d-4985-a773-2a027a58d065')
INSERT [dbo].[DETALLE_PRODUCTO] ([ID_DETALLE_COMPRA], [ID_PRODUCTO]) VALUES (N'9b2028b9-82d3-4b0b-abd7-247c45621e2b', N'b26f53e8-620a-44f0-81a3-44121b81e245')
INSERT [dbo].[DETALLE_PRODUCTO] ([ID_DETALLE_COMPRA], [ID_PRODUCTO]) VALUES (N'9b2028b9-82d3-4b0b-abd7-247c45621e2b', N'bcb08da2-697c-4697-ab46-4a18813dd9dd')
INSERT [dbo].[DETALLE_PRODUCTO] ([ID_DETALLE_COMPRA], [ID_PRODUCTO]) VALUES (N'9b2028b9-82d3-4b0b-abd7-247c45621e2b', N'f5199e7e-dce5-4cef-8860-4d7d68d92347')
INSERT [dbo].[DETALLE_PRODUCTO] ([ID_DETALLE_COMPRA], [ID_PRODUCTO]) VALUES (N'9b2028b9-82d3-4b0b-abd7-247c45621e2b', N'd9325116-f8fc-4969-a628-6424111bda8a')
INSERT [dbo].[DETALLE_PRODUCTO] ([ID_DETALLE_COMPRA], [ID_PRODUCTO]) VALUES (N'9b2028b9-82d3-4b0b-abd7-247c45621e2b', N'c67aec2a-cfdb-4772-90c9-65094a6c92bd')
INSERT [dbo].[DETALLE_PRODUCTO] ([ID_DETALLE_COMPRA], [ID_PRODUCTO]) VALUES (N'9b2028b9-82d3-4b0b-abd7-247c45621e2b', N'b12be46c-1734-48bf-afdf-73043b5750e1')
INSERT [dbo].[DETALLE_PRODUCTO] ([ID_DETALLE_COMPRA], [ID_PRODUCTO]) VALUES (N'9b2028b9-82d3-4b0b-abd7-247c45621e2b', N'f4417cfc-0327-46d1-a020-762efe6e5da2')
INSERT [dbo].[DETALLE_PRODUCTO] ([ID_DETALLE_COMPRA], [ID_PRODUCTO]) VALUES (N'9b2028b9-82d3-4b0b-abd7-247c45621e2b', N'1db71fa7-8a92-4416-afb9-7992f3c1838b')
INSERT [dbo].[DETALLE_PRODUCTO] ([ID_DETALLE_COMPRA], [ID_PRODUCTO]) VALUES (N'9b2028b9-82d3-4b0b-abd7-247c45621e2b', N'3730d75d-bbac-42cd-8685-89c53a9f325e')
INSERT [dbo].[DETALLE_PRODUCTO] ([ID_DETALLE_COMPRA], [ID_PRODUCTO]) VALUES (N'9b2028b9-82d3-4b0b-abd7-247c45621e2b', N'202b8d96-77ed-4f7e-b30c-9f8c88084993')
INSERT [dbo].[DETALLE_PRODUCTO] ([ID_DETALLE_COMPRA], [ID_PRODUCTO]) VALUES (N'9b2028b9-82d3-4b0b-abd7-247c45621e2b', N'b2dbb3e4-5374-4736-a744-c660576c6016')
INSERT [dbo].[DETALLE_PRODUCTO] ([ID_DETALLE_COMPRA], [ID_PRODUCTO]) VALUES (N'9b2028b9-82d3-4b0b-abd7-247c45621e2b', N'7f7de1cf-b6c7-43f2-9bfa-cb8ff606a2c5')
INSERT [dbo].[DETALLE_PRODUCTO] ([ID_DETALLE_COMPRA], [ID_PRODUCTO]) VALUES (N'9b2028b9-82d3-4b0b-abd7-247c45621e2b', N'24e41a99-744a-454b-83f2-d85152720643')
INSERT [dbo].[DETALLE_PRODUCTO] ([ID_DETALLE_COMPRA], [ID_PRODUCTO]) VALUES (N'9b2028b9-82d3-4b0b-abd7-247c45621e2b', N'9a2e8a7b-8daa-4ff1-98f3-e063eae3f016')
INSERT [dbo].[DETALLE_PRODUCTO] ([ID_DETALLE_COMPRA], [ID_PRODUCTO]) VALUES (N'9b2028b9-82d3-4b0b-abd7-247c45621e2b', N'c781ead6-7a74-4c50-a62c-e54cb2347549')
INSERT [dbo].[DETALLE_PRODUCTO] ([ID_DETALLE_COMPRA], [ID_PRODUCTO]) VALUES (N'9b2028b9-82d3-4b0b-abd7-247c45621e2b', N'1fe9d07f-99cb-4954-baf4-ef2758cecff7')
INSERT [dbo].[DETALLE_PRODUCTO] ([ID_DETALLE_COMPRA], [ID_PRODUCTO]) VALUES (N'1a634a57-0dcc-4b79-8105-e317ada97307', N'210a66a9-0e71-45d3-b076-10502a970096')
INSERT [dbo].[DETALLE_PRODUCTO] ([ID_DETALLE_COMPRA], [ID_PRODUCTO]) VALUES (N'1a634a57-0dcc-4b79-8105-e317ada97307', N'602a33a8-7ec3-4925-8c23-13864e4c7429')
INSERT [dbo].[DETALLE_PRODUCTO] ([ID_DETALLE_COMPRA], [ID_PRODUCTO]) VALUES (N'1a634a57-0dcc-4b79-8105-e317ada97307', N'403bd7eb-faf6-4394-8efc-228df7487654')
INSERT [dbo].[DETALLE_PRODUCTO] ([ID_DETALLE_COMPRA], [ID_PRODUCTO]) VALUES (N'1a634a57-0dcc-4b79-8105-e317ada97307', N'27e313c7-da6d-4985-a773-2a027a58d065')
INSERT [dbo].[DETALLE_PRODUCTO] ([ID_DETALLE_COMPRA], [ID_PRODUCTO]) VALUES (N'1a634a57-0dcc-4b79-8105-e317ada97307', N'b26f53e8-620a-44f0-81a3-44121b81e245')
INSERT [dbo].[DETALLE_PRODUCTO] ([ID_DETALLE_COMPRA], [ID_PRODUCTO]) VALUES (N'1a634a57-0dcc-4b79-8105-e317ada97307', N'bcb08da2-697c-4697-ab46-4a18813dd9dd')
INSERT [dbo].[DETALLE_PRODUCTO] ([ID_DETALLE_COMPRA], [ID_PRODUCTO]) VALUES (N'1a634a57-0dcc-4b79-8105-e317ada97307', N'f5199e7e-dce5-4cef-8860-4d7d68d92347')
INSERT [dbo].[DETALLE_PRODUCTO] ([ID_DETALLE_COMPRA], [ID_PRODUCTO]) VALUES (N'1a634a57-0dcc-4b79-8105-e317ada97307', N'd9325116-f8fc-4969-a628-6424111bda8a')
INSERT [dbo].[DETALLE_PRODUCTO] ([ID_DETALLE_COMPRA], [ID_PRODUCTO]) VALUES (N'1a634a57-0dcc-4b79-8105-e317ada97307', N'c67aec2a-cfdb-4772-90c9-65094a6c92bd')
INSERT [dbo].[DETALLE_PRODUCTO] ([ID_DETALLE_COMPRA], [ID_PRODUCTO]) VALUES (N'1a634a57-0dcc-4b79-8105-e317ada97307', N'b12be46c-1734-48bf-afdf-73043b5750e1')
INSERT [dbo].[DETALLE_PRODUCTO] ([ID_DETALLE_COMPRA], [ID_PRODUCTO]) VALUES (N'1a634a57-0dcc-4b79-8105-e317ada97307', N'f4417cfc-0327-46d1-a020-762efe6e5da2')
INSERT [dbo].[DETALLE_PRODUCTO] ([ID_DETALLE_COMPRA], [ID_PRODUCTO]) VALUES (N'1a634a57-0dcc-4b79-8105-e317ada97307', N'1db71fa7-8a92-4416-afb9-7992f3c1838b')
INSERT [dbo].[DETALLE_PRODUCTO] ([ID_DETALLE_COMPRA], [ID_PRODUCTO]) VALUES (N'1a634a57-0dcc-4b79-8105-e317ada97307', N'3730d75d-bbac-42cd-8685-89c53a9f325e')
INSERT [dbo].[DETALLE_PRODUCTO] ([ID_DETALLE_COMPRA], [ID_PRODUCTO]) VALUES (N'1a634a57-0dcc-4b79-8105-e317ada97307', N'202b8d96-77ed-4f7e-b30c-9f8c88084993')
INSERT [dbo].[DETALLE_PRODUCTO] ([ID_DETALLE_COMPRA], [ID_PRODUCTO]) VALUES (N'1a634a57-0dcc-4b79-8105-e317ada97307', N'b2dbb3e4-5374-4736-a744-c660576c6016')
INSERT [dbo].[DETALLE_PRODUCTO] ([ID_DETALLE_COMPRA], [ID_PRODUCTO]) VALUES (N'1a634a57-0dcc-4b79-8105-e317ada97307', N'7f7de1cf-b6c7-43f2-9bfa-cb8ff606a2c5')
INSERT [dbo].[DETALLE_PRODUCTO] ([ID_DETALLE_COMPRA], [ID_PRODUCTO]) VALUES (N'1a634a57-0dcc-4b79-8105-e317ada97307', N'24e41a99-744a-454b-83f2-d85152720643')
INSERT [dbo].[DETALLE_PRODUCTO] ([ID_DETALLE_COMPRA], [ID_PRODUCTO]) VALUES (N'1a634a57-0dcc-4b79-8105-e317ada97307', N'9a2e8a7b-8daa-4ff1-98f3-e063eae3f016')
INSERT [dbo].[DETALLE_PRODUCTO] ([ID_DETALLE_COMPRA], [ID_PRODUCTO]) VALUES (N'1a634a57-0dcc-4b79-8105-e317ada97307', N'c781ead6-7a74-4c50-a62c-e54cb2347549')
INSERT [dbo].[DETALLE_PRODUCTO] ([ID_DETALLE_COMPRA], [ID_PRODUCTO]) VALUES (N'1a634a57-0dcc-4b79-8105-e317ada97307', N'1fe9d07f-99cb-4954-baf4-ef2758cecff7')
INSERT [dbo].[DETALLE_PRODUCTO] ([ID_DETALLE_COMPRA], [ID_PRODUCTO]) VALUES (N'040b99ea-0b6b-401e-b510-66c8a98d8aef', N'210a66a9-0e71-45d3-b076-10502a970096')
INSERT [dbo].[DETALLE_PRODUCTO] ([ID_DETALLE_COMPRA], [ID_PRODUCTO]) VALUES (N'040b99ea-0b6b-401e-b510-66c8a98d8aef', N'602a33a8-7ec3-4925-8c23-13864e4c7429')
INSERT [dbo].[DETALLE_PRODUCTO] ([ID_DETALLE_COMPRA], [ID_PRODUCTO]) VALUES (N'040b99ea-0b6b-401e-b510-66c8a98d8aef', N'403bd7eb-faf6-4394-8efc-228df7487654')
INSERT [dbo].[DETALLE_PRODUCTO] ([ID_DETALLE_COMPRA], [ID_PRODUCTO]) VALUES (N'040b99ea-0b6b-401e-b510-66c8a98d8aef', N'27e313c7-da6d-4985-a773-2a027a58d065')
INSERT [dbo].[DETALLE_PRODUCTO] ([ID_DETALLE_COMPRA], [ID_PRODUCTO]) VALUES (N'040b99ea-0b6b-401e-b510-66c8a98d8aef', N'b26f53e8-620a-44f0-81a3-44121b81e245')
INSERT [dbo].[DETALLE_PRODUCTO] ([ID_DETALLE_COMPRA], [ID_PRODUCTO]) VALUES (N'040b99ea-0b6b-401e-b510-66c8a98d8aef', N'bcb08da2-697c-4697-ab46-4a18813dd9dd')
INSERT [dbo].[DETALLE_PRODUCTO] ([ID_DETALLE_COMPRA], [ID_PRODUCTO]) VALUES (N'040b99ea-0b6b-401e-b510-66c8a98d8aef', N'f5199e7e-dce5-4cef-8860-4d7d68d92347')
INSERT [dbo].[DETALLE_PRODUCTO] ([ID_DETALLE_COMPRA], [ID_PRODUCTO]) VALUES (N'040b99ea-0b6b-401e-b510-66c8a98d8aef', N'd9325116-f8fc-4969-a628-6424111bda8a')
INSERT [dbo].[DETALLE_PRODUCTO] ([ID_DETALLE_COMPRA], [ID_PRODUCTO]) VALUES (N'040b99ea-0b6b-401e-b510-66c8a98d8aef', N'c67aec2a-cfdb-4772-90c9-65094a6c92bd')
INSERT [dbo].[DETALLE_PRODUCTO] ([ID_DETALLE_COMPRA], [ID_PRODUCTO]) VALUES (N'040b99ea-0b6b-401e-b510-66c8a98d8aef', N'b12be46c-1734-48bf-afdf-73043b5750e1')
INSERT [dbo].[DETALLE_PRODUCTO] ([ID_DETALLE_COMPRA], [ID_PRODUCTO]) VALUES (N'040b99ea-0b6b-401e-b510-66c8a98d8aef', N'f4417cfc-0327-46d1-a020-762efe6e5da2')
INSERT [dbo].[DETALLE_PRODUCTO] ([ID_DETALLE_COMPRA], [ID_PRODUCTO]) VALUES (N'040b99ea-0b6b-401e-b510-66c8a98d8aef', N'1db71fa7-8a92-4416-afb9-7992f3c1838b')
INSERT [dbo].[DETALLE_PRODUCTO] ([ID_DETALLE_COMPRA], [ID_PRODUCTO]) VALUES (N'040b99ea-0b6b-401e-b510-66c8a98d8aef', N'3730d75d-bbac-42cd-8685-89c53a9f325e')
INSERT [dbo].[DETALLE_PRODUCTO] ([ID_DETALLE_COMPRA], [ID_PRODUCTO]) VALUES (N'040b99ea-0b6b-401e-b510-66c8a98d8aef', N'202b8d96-77ed-4f7e-b30c-9f8c88084993')
INSERT [dbo].[DETALLE_PRODUCTO] ([ID_DETALLE_COMPRA], [ID_PRODUCTO]) VALUES (N'040b99ea-0b6b-401e-b510-66c8a98d8aef', N'b2dbb3e4-5374-4736-a744-c660576c6016')
INSERT [dbo].[DETALLE_PRODUCTO] ([ID_DETALLE_COMPRA], [ID_PRODUCTO]) VALUES (N'040b99ea-0b6b-401e-b510-66c8a98d8aef', N'7f7de1cf-b6c7-43f2-9bfa-cb8ff606a2c5')
INSERT [dbo].[DETALLE_PRODUCTO] ([ID_DETALLE_COMPRA], [ID_PRODUCTO]) VALUES (N'040b99ea-0b6b-401e-b510-66c8a98d8aef', N'24e41a99-744a-454b-83f2-d85152720643')
INSERT [dbo].[DETALLE_PRODUCTO] ([ID_DETALLE_COMPRA], [ID_PRODUCTO]) VALUES (N'040b99ea-0b6b-401e-b510-66c8a98d8aef', N'9a2e8a7b-8daa-4ff1-98f3-e063eae3f016')
INSERT [dbo].[DETALLE_PRODUCTO] ([ID_DETALLE_COMPRA], [ID_PRODUCTO]) VALUES (N'040b99ea-0b6b-401e-b510-66c8a98d8aef', N'c781ead6-7a74-4c50-a62c-e54cb2347549')
INSERT [dbo].[DETALLE_PRODUCTO] ([ID_DETALLE_COMPRA], [ID_PRODUCTO]) VALUES (N'040b99ea-0b6b-401e-b510-66c8a98d8aef', N'1fe9d07f-99cb-4954-baf4-ef2758cecff7')
INSERT [dbo].[DETALLE_PRODUCTO] ([ID_DETALLE_COMPRA], [ID_PRODUCTO]) VALUES (N'1106ed6a-b4df-4965-b373-dd96159296b5', N'210a66a9-0e71-45d3-b076-10502a970096')
INSERT [dbo].[DETALLE_PRODUCTO] ([ID_DETALLE_COMPRA], [ID_PRODUCTO]) VALUES (N'1106ed6a-b4df-4965-b373-dd96159296b5', N'602a33a8-7ec3-4925-8c23-13864e4c7429')
INSERT [dbo].[DETALLE_PRODUCTO] ([ID_DETALLE_COMPRA], [ID_PRODUCTO]) VALUES (N'1106ed6a-b4df-4965-b373-dd96159296b5', N'403bd7eb-faf6-4394-8efc-228df7487654')
INSERT [dbo].[DETALLE_PRODUCTO] ([ID_DETALLE_COMPRA], [ID_PRODUCTO]) VALUES (N'1106ed6a-b4df-4965-b373-dd96159296b5', N'27e313c7-da6d-4985-a773-2a027a58d065')
INSERT [dbo].[DETALLE_PRODUCTO] ([ID_DETALLE_COMPRA], [ID_PRODUCTO]) VALUES (N'1106ed6a-b4df-4965-b373-dd96159296b5', N'b26f53e8-620a-44f0-81a3-44121b81e245')
INSERT [dbo].[DETALLE_PRODUCTO] ([ID_DETALLE_COMPRA], [ID_PRODUCTO]) VALUES (N'1106ed6a-b4df-4965-b373-dd96159296b5', N'bcb08da2-697c-4697-ab46-4a18813dd9dd')
INSERT [dbo].[DETALLE_PRODUCTO] ([ID_DETALLE_COMPRA], [ID_PRODUCTO]) VALUES (N'1106ed6a-b4df-4965-b373-dd96159296b5', N'f5199e7e-dce5-4cef-8860-4d7d68d92347')
INSERT [dbo].[DETALLE_PRODUCTO] ([ID_DETALLE_COMPRA], [ID_PRODUCTO]) VALUES (N'1106ed6a-b4df-4965-b373-dd96159296b5', N'd9325116-f8fc-4969-a628-6424111bda8a')
INSERT [dbo].[DETALLE_PRODUCTO] ([ID_DETALLE_COMPRA], [ID_PRODUCTO]) VALUES (N'1106ed6a-b4df-4965-b373-dd96159296b5', N'c67aec2a-cfdb-4772-90c9-65094a6c92bd')
INSERT [dbo].[DETALLE_PRODUCTO] ([ID_DETALLE_COMPRA], [ID_PRODUCTO]) VALUES (N'1106ed6a-b4df-4965-b373-dd96159296b5', N'b12be46c-1734-48bf-afdf-73043b5750e1')
INSERT [dbo].[DETALLE_PRODUCTO] ([ID_DETALLE_COMPRA], [ID_PRODUCTO]) VALUES (N'1106ed6a-b4df-4965-b373-dd96159296b5', N'f4417cfc-0327-46d1-a020-762efe6e5da2')
INSERT [dbo].[DETALLE_PRODUCTO] ([ID_DETALLE_COMPRA], [ID_PRODUCTO]) VALUES (N'1106ed6a-b4df-4965-b373-dd96159296b5', N'1db71fa7-8a92-4416-afb9-7992f3c1838b')
INSERT [dbo].[DETALLE_PRODUCTO] ([ID_DETALLE_COMPRA], [ID_PRODUCTO]) VALUES (N'1106ed6a-b4df-4965-b373-dd96159296b5', N'3730d75d-bbac-42cd-8685-89c53a9f325e')
INSERT [dbo].[DETALLE_PRODUCTO] ([ID_DETALLE_COMPRA], [ID_PRODUCTO]) VALUES (N'1106ed6a-b4df-4965-b373-dd96159296b5', N'202b8d96-77ed-4f7e-b30c-9f8c88084993')
INSERT [dbo].[DETALLE_PRODUCTO] ([ID_DETALLE_COMPRA], [ID_PRODUCTO]) VALUES (N'1106ed6a-b4df-4965-b373-dd96159296b5', N'b2dbb3e4-5374-4736-a744-c660576c6016')
INSERT [dbo].[DETALLE_PRODUCTO] ([ID_DETALLE_COMPRA], [ID_PRODUCTO]) VALUES (N'1106ed6a-b4df-4965-b373-dd96159296b5', N'7f7de1cf-b6c7-43f2-9bfa-cb8ff606a2c5')
INSERT [dbo].[DETALLE_PRODUCTO] ([ID_DETALLE_COMPRA], [ID_PRODUCTO]) VALUES (N'1106ed6a-b4df-4965-b373-dd96159296b5', N'24e41a99-744a-454b-83f2-d85152720643')
INSERT [dbo].[DETALLE_PRODUCTO] ([ID_DETALLE_COMPRA], [ID_PRODUCTO]) VALUES (N'1106ed6a-b4df-4965-b373-dd96159296b5', N'9a2e8a7b-8daa-4ff1-98f3-e063eae3f016')
INSERT [dbo].[DETALLE_PRODUCTO] ([ID_DETALLE_COMPRA], [ID_PRODUCTO]) VALUES (N'1106ed6a-b4df-4965-b373-dd96159296b5', N'c781ead6-7a74-4c50-a62c-e54cb2347549')
INSERT [dbo].[DETALLE_PRODUCTO] ([ID_DETALLE_COMPRA], [ID_PRODUCTO]) VALUES (N'1106ed6a-b4df-4965-b373-dd96159296b5', N'1fe9d07f-99cb-4954-baf4-ef2758cecff7')
INSERT [dbo].[DETALLE_PRODUCTO] ([ID_DETALLE_COMPRA], [ID_PRODUCTO]) VALUES (N'ffa56c7d-3ed5-4dc7-a4e2-169379e624f6', N'210a66a9-0e71-45d3-b076-10502a970096')
INSERT [dbo].[DETALLE_PRODUCTO] ([ID_DETALLE_COMPRA], [ID_PRODUCTO]) VALUES (N'ffa56c7d-3ed5-4dc7-a4e2-169379e624f6', N'602a33a8-7ec3-4925-8c23-13864e4c7429')
INSERT [dbo].[DETALLE_PRODUCTO] ([ID_DETALLE_COMPRA], [ID_PRODUCTO]) VALUES (N'ffa56c7d-3ed5-4dc7-a4e2-169379e624f6', N'403bd7eb-faf6-4394-8efc-228df7487654')
INSERT [dbo].[DETALLE_PRODUCTO] ([ID_DETALLE_COMPRA], [ID_PRODUCTO]) VALUES (N'ffa56c7d-3ed5-4dc7-a4e2-169379e624f6', N'27e313c7-da6d-4985-a773-2a027a58d065')
INSERT [dbo].[DETALLE_PRODUCTO] ([ID_DETALLE_COMPRA], [ID_PRODUCTO]) VALUES (N'ffa56c7d-3ed5-4dc7-a4e2-169379e624f6', N'b26f53e8-620a-44f0-81a3-44121b81e245')
INSERT [dbo].[DETALLE_PRODUCTO] ([ID_DETALLE_COMPRA], [ID_PRODUCTO]) VALUES (N'ffa56c7d-3ed5-4dc7-a4e2-169379e624f6', N'bcb08da2-697c-4697-ab46-4a18813dd9dd')
INSERT [dbo].[DETALLE_PRODUCTO] ([ID_DETALLE_COMPRA], [ID_PRODUCTO]) VALUES (N'ffa56c7d-3ed5-4dc7-a4e2-169379e624f6', N'f5199e7e-dce5-4cef-8860-4d7d68d92347')
INSERT [dbo].[DETALLE_PRODUCTO] ([ID_DETALLE_COMPRA], [ID_PRODUCTO]) VALUES (N'ffa56c7d-3ed5-4dc7-a4e2-169379e624f6', N'd9325116-f8fc-4969-a628-6424111bda8a')
INSERT [dbo].[DETALLE_PRODUCTO] ([ID_DETALLE_COMPRA], [ID_PRODUCTO]) VALUES (N'ffa56c7d-3ed5-4dc7-a4e2-169379e624f6', N'c67aec2a-cfdb-4772-90c9-65094a6c92bd')
INSERT [dbo].[DETALLE_PRODUCTO] ([ID_DETALLE_COMPRA], [ID_PRODUCTO]) VALUES (N'ffa56c7d-3ed5-4dc7-a4e2-169379e624f6', N'b12be46c-1734-48bf-afdf-73043b5750e1')
INSERT [dbo].[DETALLE_PRODUCTO] ([ID_DETALLE_COMPRA], [ID_PRODUCTO]) VALUES (N'ffa56c7d-3ed5-4dc7-a4e2-169379e624f6', N'f4417cfc-0327-46d1-a020-762efe6e5da2')
INSERT [dbo].[DETALLE_PRODUCTO] ([ID_DETALLE_COMPRA], [ID_PRODUCTO]) VALUES (N'ffa56c7d-3ed5-4dc7-a4e2-169379e624f6', N'1db71fa7-8a92-4416-afb9-7992f3c1838b')
INSERT [dbo].[DETALLE_PRODUCTO] ([ID_DETALLE_COMPRA], [ID_PRODUCTO]) VALUES (N'ffa56c7d-3ed5-4dc7-a4e2-169379e624f6', N'3730d75d-bbac-42cd-8685-89c53a9f325e')
INSERT [dbo].[DETALLE_PRODUCTO] ([ID_DETALLE_COMPRA], [ID_PRODUCTO]) VALUES (N'ffa56c7d-3ed5-4dc7-a4e2-169379e624f6', N'202b8d96-77ed-4f7e-b30c-9f8c88084993')
INSERT [dbo].[DETALLE_PRODUCTO] ([ID_DETALLE_COMPRA], [ID_PRODUCTO]) VALUES (N'ffa56c7d-3ed5-4dc7-a4e2-169379e624f6', N'b2dbb3e4-5374-4736-a744-c660576c6016')
INSERT [dbo].[DETALLE_PRODUCTO] ([ID_DETALLE_COMPRA], [ID_PRODUCTO]) VALUES (N'ffa56c7d-3ed5-4dc7-a4e2-169379e624f6', N'7f7de1cf-b6c7-43f2-9bfa-cb8ff606a2c5')
INSERT [dbo].[DETALLE_PRODUCTO] ([ID_DETALLE_COMPRA], [ID_PRODUCTO]) VALUES (N'ffa56c7d-3ed5-4dc7-a4e2-169379e624f6', N'24e41a99-744a-454b-83f2-d85152720643')
INSERT [dbo].[DETALLE_PRODUCTO] ([ID_DETALLE_COMPRA], [ID_PRODUCTO]) VALUES (N'ffa56c7d-3ed5-4dc7-a4e2-169379e624f6', N'9a2e8a7b-8daa-4ff1-98f3-e063eae3f016')
INSERT [dbo].[DETALLE_PRODUCTO] ([ID_DETALLE_COMPRA], [ID_PRODUCTO]) VALUES (N'ffa56c7d-3ed5-4dc7-a4e2-169379e624f6', N'c781ead6-7a74-4c50-a62c-e54cb2347549')
INSERT [dbo].[DETALLE_PRODUCTO] ([ID_DETALLE_COMPRA], [ID_PRODUCTO]) VALUES (N'ffa56c7d-3ed5-4dc7-a4e2-169379e624f6', N'1fe9d07f-99cb-4954-baf4-ef2758cecff7')
GO
INSERT [dbo].[EMPLEADO] ([ID_EMPLEADO], [ID_SUCURSAL], [ID_PUESTO], [NOMBRE], [APELLIDOS], [TELEFONO], [CORREO], [ADMINISTRADOR]) VALUES (N'aebdb8c8-15af-4d32-86c6-0bd684fe0a0d', N'eb3e0335-4bf2-41a8-af20-26bb278df178', N'032faf0f-c76c-4827-992f-4bdeb2de15ac', N'Martha', N'Sanchez Padilla', N'8114899632', N'marthasanchez03@gmail.com', 0)
INSERT [dbo].[EMPLEADO] ([ID_EMPLEADO], [ID_SUCURSAL], [ID_PUESTO], [NOMBRE], [APELLIDOS], [TELEFONO], [CORREO], [ADMINISTRADOR]) VALUES (N'e9375359-b1cc-4d68-b843-39ee13ef5b8b', N'9459dee9-f4ae-4b72-9674-252da2654831', N'032faf0f-c76c-4827-992f-4bdeb2de15ac', N'Leandro', N'Lopez Beltran', N'8114587801', N'leobeltri@hotmail.com', 0)
INSERT [dbo].[EMPLEADO] ([ID_EMPLEADO], [ID_SUCURSAL], [ID_PUESTO], [NOMBRE], [APELLIDOS], [TELEFONO], [CORREO], [ADMINISTRADOR]) VALUES (N'b4da26d0-9ffe-4d48-9ca4-43524a6f4c1e', N'b8a84708-60b9-408d-bac7-aba76257b2c9', N'032faf0f-c76c-4827-992f-4bdeb2de15ac', N'Sergio', N'Martinez Estrada', N'8114875213', N'sergimarti@gmail.com', 0)
INSERT [dbo].[EMPLEADO] ([ID_EMPLEADO], [ID_SUCURSAL], [ID_PUESTO], [NOMBRE], [APELLIDOS], [TELEFONO], [CORREO], [ADMINISTRADOR]) VALUES (N'd742586b-1c73-48da-9840-593403e367f3', N'9cc608ac-aae7-42e3-8bee-525ecd82b1ea', N'032faf0f-c76c-4827-992f-4bdeb2de15ac', N'Pablo', N'Wenseslao Torres', N'8114598635', N'pablowenses@gmail.com', 0)
INSERT [dbo].[EMPLEADO] ([ID_EMPLEADO], [ID_SUCURSAL], [ID_PUESTO], [NOMBRE], [APELLIDOS], [TELEFONO], [CORREO], [ADMINISTRADOR]) VALUES (N'0cbd2a48-ce91-43d7-a834-672f7d7dc4de', N'87dc2cda-3e27-47b1-8bf8-37f9cc57da4e', N'032faf0f-c76c-4827-992f-4bdeb2de15ac', N'Armando', N'Leal Bocanegra', N'8112024748', N'armandoleal@gmail.com', 0)
INSERT [dbo].[EMPLEADO] ([ID_EMPLEADO], [ID_SUCURSAL], [ID_PUESTO], [NOMBRE], [APELLIDOS], [TELEFONO], [CORREO], [ADMINISTRADOR]) VALUES (N'a6182096-27e4-46b0-9bcd-947a311ce397', N'0429ead5-f2af-4988-a4ac-4caca794ef8c', N'032faf0f-c76c-4827-992f-4bdeb2de15ac', N'Leslie', N'Alfaro Alfaro', N'8112021487', N'lesliealfaro@gmail.com', 0)
INSERT [dbo].[EMPLEADO] ([ID_EMPLEADO], [ID_SUCURSAL], [ID_PUESTO], [NOMBRE], [APELLIDOS], [TELEFONO], [CORREO], [ADMINISTRADOR]) VALUES (N'6645327a-009d-499a-86ea-9bd82ab762da', N'efefa671-a738-42d8-9997-0c2a28b0a893', N'032faf0f-c76c-4827-992f-4bdeb2de15ac', N'Juan', N'Martinez Perez', N'8114875401', N'juanmarti@gmail.com', 0)
INSERT [dbo].[EMPLEADO] ([ID_EMPLEADO], [ID_SUCURSAL], [ID_PUESTO], [NOMBRE], [APELLIDOS], [TELEFONO], [CORREO], [ADMINISTRADOR]) VALUES (N'fdf33d68-86fb-4fb4-8e23-cfbf05bfe0f0', N'efefa671-a738-42d8-9997-0c2a28b0a893', N'8f02686a-b7e0-4255-9bd2-47f48d834693', N'Mauricio', N'Ernesto Medina', N'8112541029', N'maurimedinaq@gmail.com', 1)
INSERT [dbo].[EMPLEADO] ([ID_EMPLEADO], [ID_SUCURSAL], [ID_PUESTO], [NOMBRE], [APELLIDOS], [TELEFONO], [CORREO], [ADMINISTRADOR]) VALUES (N'bd89ad6c-b52a-4dd7-8dcb-e08ce356a869', N'f71d34bd-4d24-46f8-b484-c5dac904ce1e', N'032faf0f-c76c-4827-992f-4bdeb2de15ac', N'Karla', N'Juarez Herrera', N'8114785021', N'karlaherraq454@gmail.com', 0)
INSERT [dbo].[EMPLEADO] ([ID_EMPLEADO], [ID_SUCURSAL], [ID_PUESTO], [NOMBRE], [APELLIDOS], [TELEFONO], [CORREO], [ADMINISTRADOR]) VALUES (N'25c2f080-0aaa-45bf-bca6-f0bee92cde0e', N'9ea321a8-25c1-49c6-a7f6-fe7a32b479de', N'032faf0f-c76c-4827-992f-4bdeb2de15ac', N'Rodrigo', N'Briones Mendoza', N'8184563209', N'rodribriones78@gmail.com', 0)
INSERT [dbo].[EMPLEADO] ([ID_EMPLEADO], [ID_SUCURSAL], [ID_PUESTO], [NOMBRE], [APELLIDOS], [TELEFONO], [CORREO], [ADMINISTRADOR]) VALUES (N'13d1c514-b907-4528-869b-f5ff8a973607', N'f16a6cca-9587-4670-b895-4cc4802af024', N'032faf0f-c76c-4827-992f-4bdeb2de15ac', N'Janeth', N'Maldonado Esparza', N'8114784562', N'janeth78q@gmail.com', 0)
INSERT [dbo].[INVENTARIO_PRODUCTO] ([ID_INVENTARIO], [ID_PRODUCTO]) VALUES (N'a34d9405-ac6f-44df-91ff-f2bc78c96a98', N'210a66a9-0e71-45d3-b076-10502a970096')
INSERT [dbo].[INVENTARIO_PRODUCTO] ([ID_INVENTARIO], [ID_PRODUCTO]) VALUES (N'a34d9405-ac6f-44df-91ff-f2bc78c96a98', N'602a33a8-7ec3-4925-8c23-13864e4c7429')
INSERT [dbo].[INVENTARIO_PRODUCTO] ([ID_INVENTARIO], [ID_PRODUCTO]) VALUES (N'a34d9405-ac6f-44df-91ff-f2bc78c96a98', N'403bd7eb-faf6-4394-8efc-228df7487654')
INSERT [dbo].[INVENTARIO_PRODUCTO] ([ID_INVENTARIO], [ID_PRODUCTO]) VALUES (N'a34d9405-ac6f-44df-91ff-f2bc78c96a98', N'27e313c7-da6d-4985-a773-2a027a58d065')
INSERT [dbo].[INVENTARIO_PRODUCTO] ([ID_INVENTARIO], [ID_PRODUCTO]) VALUES (N'a34d9405-ac6f-44df-91ff-f2bc78c96a98', N'b26f53e8-620a-44f0-81a3-44121b81e245')
INSERT [dbo].[INVENTARIO_PRODUCTO] ([ID_INVENTARIO], [ID_PRODUCTO]) VALUES (N'a34d9405-ac6f-44df-91ff-f2bc78c96a98', N'bcb08da2-697c-4697-ab46-4a18813dd9dd')
INSERT [dbo].[INVENTARIO_PRODUCTO] ([ID_INVENTARIO], [ID_PRODUCTO]) VALUES (N'a34d9405-ac6f-44df-91ff-f2bc78c96a98', N'f5199e7e-dce5-4cef-8860-4d7d68d92347')
INSERT [dbo].[INVENTARIO_PRODUCTO] ([ID_INVENTARIO], [ID_PRODUCTO]) VALUES (N'a34d9405-ac6f-44df-91ff-f2bc78c96a98', N'd9325116-f8fc-4969-a628-6424111bda8a')
INSERT [dbo].[INVENTARIO_PRODUCTO] ([ID_INVENTARIO], [ID_PRODUCTO]) VALUES (N'a34d9405-ac6f-44df-91ff-f2bc78c96a98', N'c67aec2a-cfdb-4772-90c9-65094a6c92bd')
INSERT [dbo].[INVENTARIO_PRODUCTO] ([ID_INVENTARIO], [ID_PRODUCTO]) VALUES (N'a34d9405-ac6f-44df-91ff-f2bc78c96a98', N'b12be46c-1734-48bf-afdf-73043b5750e1')
INSERT [dbo].[INVENTARIO_PRODUCTO] ([ID_INVENTARIO], [ID_PRODUCTO]) VALUES (N'a34d9405-ac6f-44df-91ff-f2bc78c96a98', N'f4417cfc-0327-46d1-a020-762efe6e5da2')
INSERT [dbo].[INVENTARIO_PRODUCTO] ([ID_INVENTARIO], [ID_PRODUCTO]) VALUES (N'a34d9405-ac6f-44df-91ff-f2bc78c96a98', N'1db71fa7-8a92-4416-afb9-7992f3c1838b')
INSERT [dbo].[INVENTARIO_PRODUCTO] ([ID_INVENTARIO], [ID_PRODUCTO]) VALUES (N'a34d9405-ac6f-44df-91ff-f2bc78c96a98', N'3730d75d-bbac-42cd-8685-89c53a9f325e')
INSERT [dbo].[INVENTARIO_PRODUCTO] ([ID_INVENTARIO], [ID_PRODUCTO]) VALUES (N'a34d9405-ac6f-44df-91ff-f2bc78c96a98', N'202b8d96-77ed-4f7e-b30c-9f8c88084993')
INSERT [dbo].[INVENTARIO_PRODUCTO] ([ID_INVENTARIO], [ID_PRODUCTO]) VALUES (N'a34d9405-ac6f-44df-91ff-f2bc78c96a98', N'b2dbb3e4-5374-4736-a744-c660576c6016')
INSERT [dbo].[INVENTARIO_PRODUCTO] ([ID_INVENTARIO], [ID_PRODUCTO]) VALUES (N'a34d9405-ac6f-44df-91ff-f2bc78c96a98', N'7f7de1cf-b6c7-43f2-9bfa-cb8ff606a2c5')
INSERT [dbo].[INVENTARIO_PRODUCTO] ([ID_INVENTARIO], [ID_PRODUCTO]) VALUES (N'a34d9405-ac6f-44df-91ff-f2bc78c96a98', N'24e41a99-744a-454b-83f2-d85152720643')
INSERT [dbo].[INVENTARIO_PRODUCTO] ([ID_INVENTARIO], [ID_PRODUCTO]) VALUES (N'a34d9405-ac6f-44df-91ff-f2bc78c96a98', N'9a2e8a7b-8daa-4ff1-98f3-e063eae3f016')
INSERT [dbo].[INVENTARIO_PRODUCTO] ([ID_INVENTARIO], [ID_PRODUCTO]) VALUES (N'a34d9405-ac6f-44df-91ff-f2bc78c96a98', N'c781ead6-7a74-4c50-a62c-e54cb2347549')
INSERT [dbo].[INVENTARIO_PRODUCTO] ([ID_INVENTARIO], [ID_PRODUCTO]) VALUES (N'a34d9405-ac6f-44df-91ff-f2bc78c96a98', N'1fe9d07f-99cb-4954-baf4-ef2758cecff7')
INSERT [dbo].[INVENTARIO_PRODUCTO] ([ID_INVENTARIO], [ID_PRODUCTO]) VALUES (N'0089b60f-e279-40be-ad7a-53d0558eeffd', N'210a66a9-0e71-45d3-b076-10502a970096')
INSERT [dbo].[INVENTARIO_PRODUCTO] ([ID_INVENTARIO], [ID_PRODUCTO]) VALUES (N'0089b60f-e279-40be-ad7a-53d0558eeffd', N'602a33a8-7ec3-4925-8c23-13864e4c7429')
INSERT [dbo].[INVENTARIO_PRODUCTO] ([ID_INVENTARIO], [ID_PRODUCTO]) VALUES (N'0089b60f-e279-40be-ad7a-53d0558eeffd', N'403bd7eb-faf6-4394-8efc-228df7487654')
INSERT [dbo].[INVENTARIO_PRODUCTO] ([ID_INVENTARIO], [ID_PRODUCTO]) VALUES (N'0089b60f-e279-40be-ad7a-53d0558eeffd', N'27e313c7-da6d-4985-a773-2a027a58d065')
INSERT [dbo].[INVENTARIO_PRODUCTO] ([ID_INVENTARIO], [ID_PRODUCTO]) VALUES (N'0089b60f-e279-40be-ad7a-53d0558eeffd', N'b26f53e8-620a-44f0-81a3-44121b81e245')
INSERT [dbo].[INVENTARIO_PRODUCTO] ([ID_INVENTARIO], [ID_PRODUCTO]) VALUES (N'0089b60f-e279-40be-ad7a-53d0558eeffd', N'bcb08da2-697c-4697-ab46-4a18813dd9dd')
INSERT [dbo].[INVENTARIO_PRODUCTO] ([ID_INVENTARIO], [ID_PRODUCTO]) VALUES (N'0089b60f-e279-40be-ad7a-53d0558eeffd', N'f5199e7e-dce5-4cef-8860-4d7d68d92347')
INSERT [dbo].[INVENTARIO_PRODUCTO] ([ID_INVENTARIO], [ID_PRODUCTO]) VALUES (N'0089b60f-e279-40be-ad7a-53d0558eeffd', N'd9325116-f8fc-4969-a628-6424111bda8a')
INSERT [dbo].[INVENTARIO_PRODUCTO] ([ID_INVENTARIO], [ID_PRODUCTO]) VALUES (N'0089b60f-e279-40be-ad7a-53d0558eeffd', N'c67aec2a-cfdb-4772-90c9-65094a6c92bd')
INSERT [dbo].[INVENTARIO_PRODUCTO] ([ID_INVENTARIO], [ID_PRODUCTO]) VALUES (N'0089b60f-e279-40be-ad7a-53d0558eeffd', N'b12be46c-1734-48bf-afdf-73043b5750e1')
INSERT [dbo].[INVENTARIO_PRODUCTO] ([ID_INVENTARIO], [ID_PRODUCTO]) VALUES (N'0089b60f-e279-40be-ad7a-53d0558eeffd', N'f4417cfc-0327-46d1-a020-762efe6e5da2')
INSERT [dbo].[INVENTARIO_PRODUCTO] ([ID_INVENTARIO], [ID_PRODUCTO]) VALUES (N'0089b60f-e279-40be-ad7a-53d0558eeffd', N'1db71fa7-8a92-4416-afb9-7992f3c1838b')
INSERT [dbo].[INVENTARIO_PRODUCTO] ([ID_INVENTARIO], [ID_PRODUCTO]) VALUES (N'0089b60f-e279-40be-ad7a-53d0558eeffd', N'3730d75d-bbac-42cd-8685-89c53a9f325e')
INSERT [dbo].[INVENTARIO_PRODUCTO] ([ID_INVENTARIO], [ID_PRODUCTO]) VALUES (N'0089b60f-e279-40be-ad7a-53d0558eeffd', N'202b8d96-77ed-4f7e-b30c-9f8c88084993')
INSERT [dbo].[INVENTARIO_PRODUCTO] ([ID_INVENTARIO], [ID_PRODUCTO]) VALUES (N'0089b60f-e279-40be-ad7a-53d0558eeffd', N'b2dbb3e4-5374-4736-a744-c660576c6016')
INSERT [dbo].[INVENTARIO_PRODUCTO] ([ID_INVENTARIO], [ID_PRODUCTO]) VALUES (N'0089b60f-e279-40be-ad7a-53d0558eeffd', N'7f7de1cf-b6c7-43f2-9bfa-cb8ff606a2c5')
INSERT [dbo].[INVENTARIO_PRODUCTO] ([ID_INVENTARIO], [ID_PRODUCTO]) VALUES (N'0089b60f-e279-40be-ad7a-53d0558eeffd', N'24e41a99-744a-454b-83f2-d85152720643')
INSERT [dbo].[INVENTARIO_PRODUCTO] ([ID_INVENTARIO], [ID_PRODUCTO]) VALUES (N'0089b60f-e279-40be-ad7a-53d0558eeffd', N'9a2e8a7b-8daa-4ff1-98f3-e063eae3f016')
INSERT [dbo].[INVENTARIO_PRODUCTO] ([ID_INVENTARIO], [ID_PRODUCTO]) VALUES (N'0089b60f-e279-40be-ad7a-53d0558eeffd', N'c781ead6-7a74-4c50-a62c-e54cb2347549')
INSERT [dbo].[INVENTARIO_PRODUCTO] ([ID_INVENTARIO], [ID_PRODUCTO]) VALUES (N'0089b60f-e279-40be-ad7a-53d0558eeffd', N'1fe9d07f-99cb-4954-baf4-ef2758cecff7')
INSERT [dbo].[INVENTARIO_PRODUCTO] ([ID_INVENTARIO], [ID_PRODUCTO]) VALUES (N'834dc206-afe6-4450-b890-46283cf02810', N'210a66a9-0e71-45d3-b076-10502a970096')
INSERT [dbo].[INVENTARIO_PRODUCTO] ([ID_INVENTARIO], [ID_PRODUCTO]) VALUES (N'834dc206-afe6-4450-b890-46283cf02810', N'602a33a8-7ec3-4925-8c23-13864e4c7429')
INSERT [dbo].[INVENTARIO_PRODUCTO] ([ID_INVENTARIO], [ID_PRODUCTO]) VALUES (N'834dc206-afe6-4450-b890-46283cf02810', N'403bd7eb-faf6-4394-8efc-228df7487654')
INSERT [dbo].[INVENTARIO_PRODUCTO] ([ID_INVENTARIO], [ID_PRODUCTO]) VALUES (N'834dc206-afe6-4450-b890-46283cf02810', N'27e313c7-da6d-4985-a773-2a027a58d065')
INSERT [dbo].[INVENTARIO_PRODUCTO] ([ID_INVENTARIO], [ID_PRODUCTO]) VALUES (N'834dc206-afe6-4450-b890-46283cf02810', N'b26f53e8-620a-44f0-81a3-44121b81e245')
INSERT [dbo].[INVENTARIO_PRODUCTO] ([ID_INVENTARIO], [ID_PRODUCTO]) VALUES (N'834dc206-afe6-4450-b890-46283cf02810', N'bcb08da2-697c-4697-ab46-4a18813dd9dd')
INSERT [dbo].[INVENTARIO_PRODUCTO] ([ID_INVENTARIO], [ID_PRODUCTO]) VALUES (N'834dc206-afe6-4450-b890-46283cf02810', N'f5199e7e-dce5-4cef-8860-4d7d68d92347')
INSERT [dbo].[INVENTARIO_PRODUCTO] ([ID_INVENTARIO], [ID_PRODUCTO]) VALUES (N'834dc206-afe6-4450-b890-46283cf02810', N'd9325116-f8fc-4969-a628-6424111bda8a')
INSERT [dbo].[INVENTARIO_PRODUCTO] ([ID_INVENTARIO], [ID_PRODUCTO]) VALUES (N'834dc206-afe6-4450-b890-46283cf02810', N'c67aec2a-cfdb-4772-90c9-65094a6c92bd')
INSERT [dbo].[INVENTARIO_PRODUCTO] ([ID_INVENTARIO], [ID_PRODUCTO]) VALUES (N'834dc206-afe6-4450-b890-46283cf02810', N'b12be46c-1734-48bf-afdf-73043b5750e1')
INSERT [dbo].[INVENTARIO_PRODUCTO] ([ID_INVENTARIO], [ID_PRODUCTO]) VALUES (N'834dc206-afe6-4450-b890-46283cf02810', N'f4417cfc-0327-46d1-a020-762efe6e5da2')
INSERT [dbo].[INVENTARIO_PRODUCTO] ([ID_INVENTARIO], [ID_PRODUCTO]) VALUES (N'834dc206-afe6-4450-b890-46283cf02810', N'1db71fa7-8a92-4416-afb9-7992f3c1838b')
INSERT [dbo].[INVENTARIO_PRODUCTO] ([ID_INVENTARIO], [ID_PRODUCTO]) VALUES (N'834dc206-afe6-4450-b890-46283cf02810', N'3730d75d-bbac-42cd-8685-89c53a9f325e')
INSERT [dbo].[INVENTARIO_PRODUCTO] ([ID_INVENTARIO], [ID_PRODUCTO]) VALUES (N'834dc206-afe6-4450-b890-46283cf02810', N'202b8d96-77ed-4f7e-b30c-9f8c88084993')
INSERT [dbo].[INVENTARIO_PRODUCTO] ([ID_INVENTARIO], [ID_PRODUCTO]) VALUES (N'834dc206-afe6-4450-b890-46283cf02810', N'b2dbb3e4-5374-4736-a744-c660576c6016')
INSERT [dbo].[INVENTARIO_PRODUCTO] ([ID_INVENTARIO], [ID_PRODUCTO]) VALUES (N'834dc206-afe6-4450-b890-46283cf02810', N'7f7de1cf-b6c7-43f2-9bfa-cb8ff606a2c5')
INSERT [dbo].[INVENTARIO_PRODUCTO] ([ID_INVENTARIO], [ID_PRODUCTO]) VALUES (N'834dc206-afe6-4450-b890-46283cf02810', N'24e41a99-744a-454b-83f2-d85152720643')
INSERT [dbo].[INVENTARIO_PRODUCTO] ([ID_INVENTARIO], [ID_PRODUCTO]) VALUES (N'834dc206-afe6-4450-b890-46283cf02810', N'9a2e8a7b-8daa-4ff1-98f3-e063eae3f016')
INSERT [dbo].[INVENTARIO_PRODUCTO] ([ID_INVENTARIO], [ID_PRODUCTO]) VALUES (N'834dc206-afe6-4450-b890-46283cf02810', N'c781ead6-7a74-4c50-a62c-e54cb2347549')
INSERT [dbo].[INVENTARIO_PRODUCTO] ([ID_INVENTARIO], [ID_PRODUCTO]) VALUES (N'834dc206-afe6-4450-b890-46283cf02810', N'1fe9d07f-99cb-4954-baf4-ef2758cecff7')
INSERT [dbo].[INVENTARIO_PRODUCTO] ([ID_INVENTARIO], [ID_PRODUCTO]) VALUES (N'3eaa248e-bd50-4d2e-ba82-4280e804518a', N'210a66a9-0e71-45d3-b076-10502a970096')
INSERT [dbo].[INVENTARIO_PRODUCTO] ([ID_INVENTARIO], [ID_PRODUCTO]) VALUES (N'3eaa248e-bd50-4d2e-ba82-4280e804518a', N'602a33a8-7ec3-4925-8c23-13864e4c7429')
INSERT [dbo].[INVENTARIO_PRODUCTO] ([ID_INVENTARIO], [ID_PRODUCTO]) VALUES (N'3eaa248e-bd50-4d2e-ba82-4280e804518a', N'403bd7eb-faf6-4394-8efc-228df7487654')
INSERT [dbo].[INVENTARIO_PRODUCTO] ([ID_INVENTARIO], [ID_PRODUCTO]) VALUES (N'3eaa248e-bd50-4d2e-ba82-4280e804518a', N'27e313c7-da6d-4985-a773-2a027a58d065')
INSERT [dbo].[INVENTARIO_PRODUCTO] ([ID_INVENTARIO], [ID_PRODUCTO]) VALUES (N'3eaa248e-bd50-4d2e-ba82-4280e804518a', N'b26f53e8-620a-44f0-81a3-44121b81e245')
INSERT [dbo].[INVENTARIO_PRODUCTO] ([ID_INVENTARIO], [ID_PRODUCTO]) VALUES (N'3eaa248e-bd50-4d2e-ba82-4280e804518a', N'bcb08da2-697c-4697-ab46-4a18813dd9dd')
INSERT [dbo].[INVENTARIO_PRODUCTO] ([ID_INVENTARIO], [ID_PRODUCTO]) VALUES (N'3eaa248e-bd50-4d2e-ba82-4280e804518a', N'f5199e7e-dce5-4cef-8860-4d7d68d92347')
INSERT [dbo].[INVENTARIO_PRODUCTO] ([ID_INVENTARIO], [ID_PRODUCTO]) VALUES (N'3eaa248e-bd50-4d2e-ba82-4280e804518a', N'd9325116-f8fc-4969-a628-6424111bda8a')
INSERT [dbo].[INVENTARIO_PRODUCTO] ([ID_INVENTARIO], [ID_PRODUCTO]) VALUES (N'3eaa248e-bd50-4d2e-ba82-4280e804518a', N'c67aec2a-cfdb-4772-90c9-65094a6c92bd')
INSERT [dbo].[INVENTARIO_PRODUCTO] ([ID_INVENTARIO], [ID_PRODUCTO]) VALUES (N'3eaa248e-bd50-4d2e-ba82-4280e804518a', N'b12be46c-1734-48bf-afdf-73043b5750e1')
INSERT [dbo].[INVENTARIO_PRODUCTO] ([ID_INVENTARIO], [ID_PRODUCTO]) VALUES (N'3eaa248e-bd50-4d2e-ba82-4280e804518a', N'f4417cfc-0327-46d1-a020-762efe6e5da2')
INSERT [dbo].[INVENTARIO_PRODUCTO] ([ID_INVENTARIO], [ID_PRODUCTO]) VALUES (N'3eaa248e-bd50-4d2e-ba82-4280e804518a', N'1db71fa7-8a92-4416-afb9-7992f3c1838b')
INSERT [dbo].[INVENTARIO_PRODUCTO] ([ID_INVENTARIO], [ID_PRODUCTO]) VALUES (N'3eaa248e-bd50-4d2e-ba82-4280e804518a', N'3730d75d-bbac-42cd-8685-89c53a9f325e')
INSERT [dbo].[INVENTARIO_PRODUCTO] ([ID_INVENTARIO], [ID_PRODUCTO]) VALUES (N'3eaa248e-bd50-4d2e-ba82-4280e804518a', N'202b8d96-77ed-4f7e-b30c-9f8c88084993')
INSERT [dbo].[INVENTARIO_PRODUCTO] ([ID_INVENTARIO], [ID_PRODUCTO]) VALUES (N'3eaa248e-bd50-4d2e-ba82-4280e804518a', N'b2dbb3e4-5374-4736-a744-c660576c6016')
INSERT [dbo].[INVENTARIO_PRODUCTO] ([ID_INVENTARIO], [ID_PRODUCTO]) VALUES (N'3eaa248e-bd50-4d2e-ba82-4280e804518a', N'7f7de1cf-b6c7-43f2-9bfa-cb8ff606a2c5')
INSERT [dbo].[INVENTARIO_PRODUCTO] ([ID_INVENTARIO], [ID_PRODUCTO]) VALUES (N'3eaa248e-bd50-4d2e-ba82-4280e804518a', N'24e41a99-744a-454b-83f2-d85152720643')
INSERT [dbo].[INVENTARIO_PRODUCTO] ([ID_INVENTARIO], [ID_PRODUCTO]) VALUES (N'3eaa248e-bd50-4d2e-ba82-4280e804518a', N'9a2e8a7b-8daa-4ff1-98f3-e063eae3f016')
INSERT [dbo].[INVENTARIO_PRODUCTO] ([ID_INVENTARIO], [ID_PRODUCTO]) VALUES (N'3eaa248e-bd50-4d2e-ba82-4280e804518a', N'c781ead6-7a74-4c50-a62c-e54cb2347549')
INSERT [dbo].[INVENTARIO_PRODUCTO] ([ID_INVENTARIO], [ID_PRODUCTO]) VALUES (N'3eaa248e-bd50-4d2e-ba82-4280e804518a', N'1fe9d07f-99cb-4954-baf4-ef2758cecff7')
INSERT [dbo].[INVENTARIO_PRODUCTO] ([ID_INVENTARIO], [ID_PRODUCTO]) VALUES (N'b62456b2-a309-413a-bc0d-9c1ce61dc4b0', N'210a66a9-0e71-45d3-b076-10502a970096')
INSERT [dbo].[INVENTARIO_PRODUCTO] ([ID_INVENTARIO], [ID_PRODUCTO]) VALUES (N'b62456b2-a309-413a-bc0d-9c1ce61dc4b0', N'602a33a8-7ec3-4925-8c23-13864e4c7429')
INSERT [dbo].[INVENTARIO_PRODUCTO] ([ID_INVENTARIO], [ID_PRODUCTO]) VALUES (N'b62456b2-a309-413a-bc0d-9c1ce61dc4b0', N'403bd7eb-faf6-4394-8efc-228df7487654')
INSERT [dbo].[INVENTARIO_PRODUCTO] ([ID_INVENTARIO], [ID_PRODUCTO]) VALUES (N'b62456b2-a309-413a-bc0d-9c1ce61dc4b0', N'27e313c7-da6d-4985-a773-2a027a58d065')
INSERT [dbo].[INVENTARIO_PRODUCTO] ([ID_INVENTARIO], [ID_PRODUCTO]) VALUES (N'b62456b2-a309-413a-bc0d-9c1ce61dc4b0', N'b26f53e8-620a-44f0-81a3-44121b81e245')
INSERT [dbo].[INVENTARIO_PRODUCTO] ([ID_INVENTARIO], [ID_PRODUCTO]) VALUES (N'b62456b2-a309-413a-bc0d-9c1ce61dc4b0', N'bcb08da2-697c-4697-ab46-4a18813dd9dd')
INSERT [dbo].[INVENTARIO_PRODUCTO] ([ID_INVENTARIO], [ID_PRODUCTO]) VALUES (N'b62456b2-a309-413a-bc0d-9c1ce61dc4b0', N'f5199e7e-dce5-4cef-8860-4d7d68d92347')
INSERT [dbo].[INVENTARIO_PRODUCTO] ([ID_INVENTARIO], [ID_PRODUCTO]) VALUES (N'b62456b2-a309-413a-bc0d-9c1ce61dc4b0', N'd9325116-f8fc-4969-a628-6424111bda8a')
INSERT [dbo].[INVENTARIO_PRODUCTO] ([ID_INVENTARIO], [ID_PRODUCTO]) VALUES (N'b62456b2-a309-413a-bc0d-9c1ce61dc4b0', N'c67aec2a-cfdb-4772-90c9-65094a6c92bd')
INSERT [dbo].[INVENTARIO_PRODUCTO] ([ID_INVENTARIO], [ID_PRODUCTO]) VALUES (N'b62456b2-a309-413a-bc0d-9c1ce61dc4b0', N'b12be46c-1734-48bf-afdf-73043b5750e1')
INSERT [dbo].[INVENTARIO_PRODUCTO] ([ID_INVENTARIO], [ID_PRODUCTO]) VALUES (N'b62456b2-a309-413a-bc0d-9c1ce61dc4b0', N'f4417cfc-0327-46d1-a020-762efe6e5da2')
INSERT [dbo].[INVENTARIO_PRODUCTO] ([ID_INVENTARIO], [ID_PRODUCTO]) VALUES (N'b62456b2-a309-413a-bc0d-9c1ce61dc4b0', N'1db71fa7-8a92-4416-afb9-7992f3c1838b')
INSERT [dbo].[INVENTARIO_PRODUCTO] ([ID_INVENTARIO], [ID_PRODUCTO]) VALUES (N'b62456b2-a309-413a-bc0d-9c1ce61dc4b0', N'3730d75d-bbac-42cd-8685-89c53a9f325e')
INSERT [dbo].[INVENTARIO_PRODUCTO] ([ID_INVENTARIO], [ID_PRODUCTO]) VALUES (N'b62456b2-a309-413a-bc0d-9c1ce61dc4b0', N'202b8d96-77ed-4f7e-b30c-9f8c88084993')
INSERT [dbo].[INVENTARIO_PRODUCTO] ([ID_INVENTARIO], [ID_PRODUCTO]) VALUES (N'b62456b2-a309-413a-bc0d-9c1ce61dc4b0', N'b2dbb3e4-5374-4736-a744-c660576c6016')
INSERT [dbo].[INVENTARIO_PRODUCTO] ([ID_INVENTARIO], [ID_PRODUCTO]) VALUES (N'b62456b2-a309-413a-bc0d-9c1ce61dc4b0', N'7f7de1cf-b6c7-43f2-9bfa-cb8ff606a2c5')
INSERT [dbo].[INVENTARIO_PRODUCTO] ([ID_INVENTARIO], [ID_PRODUCTO]) VALUES (N'b62456b2-a309-413a-bc0d-9c1ce61dc4b0', N'24e41a99-744a-454b-83f2-d85152720643')
INSERT [dbo].[INVENTARIO_PRODUCTO] ([ID_INVENTARIO], [ID_PRODUCTO]) VALUES (N'b62456b2-a309-413a-bc0d-9c1ce61dc4b0', N'9a2e8a7b-8daa-4ff1-98f3-e063eae3f016')
INSERT [dbo].[INVENTARIO_PRODUCTO] ([ID_INVENTARIO], [ID_PRODUCTO]) VALUES (N'b62456b2-a309-413a-bc0d-9c1ce61dc4b0', N'c781ead6-7a74-4c50-a62c-e54cb2347549')
INSERT [dbo].[INVENTARIO_PRODUCTO] ([ID_INVENTARIO], [ID_PRODUCTO]) VALUES (N'b62456b2-a309-413a-bc0d-9c1ce61dc4b0', N'1fe9d07f-99cb-4954-baf4-ef2758cecff7')
GO
INSERT [dbo].[INVENTARIO_PRODUCTO] ([ID_INVENTARIO], [ID_PRODUCTO]) VALUES (N'6b7e4e70-b102-496d-9fcf-f9301999fe51', N'210a66a9-0e71-45d3-b076-10502a970096')
INSERT [dbo].[INVENTARIO_PRODUCTO] ([ID_INVENTARIO], [ID_PRODUCTO]) VALUES (N'6b7e4e70-b102-496d-9fcf-f9301999fe51', N'602a33a8-7ec3-4925-8c23-13864e4c7429')
INSERT [dbo].[INVENTARIO_PRODUCTO] ([ID_INVENTARIO], [ID_PRODUCTO]) VALUES (N'6b7e4e70-b102-496d-9fcf-f9301999fe51', N'403bd7eb-faf6-4394-8efc-228df7487654')
INSERT [dbo].[INVENTARIO_PRODUCTO] ([ID_INVENTARIO], [ID_PRODUCTO]) VALUES (N'6b7e4e70-b102-496d-9fcf-f9301999fe51', N'27e313c7-da6d-4985-a773-2a027a58d065')
INSERT [dbo].[INVENTARIO_PRODUCTO] ([ID_INVENTARIO], [ID_PRODUCTO]) VALUES (N'6b7e4e70-b102-496d-9fcf-f9301999fe51', N'b26f53e8-620a-44f0-81a3-44121b81e245')
INSERT [dbo].[INVENTARIO_PRODUCTO] ([ID_INVENTARIO], [ID_PRODUCTO]) VALUES (N'6b7e4e70-b102-496d-9fcf-f9301999fe51', N'bcb08da2-697c-4697-ab46-4a18813dd9dd')
INSERT [dbo].[INVENTARIO_PRODUCTO] ([ID_INVENTARIO], [ID_PRODUCTO]) VALUES (N'6b7e4e70-b102-496d-9fcf-f9301999fe51', N'f5199e7e-dce5-4cef-8860-4d7d68d92347')
INSERT [dbo].[INVENTARIO_PRODUCTO] ([ID_INVENTARIO], [ID_PRODUCTO]) VALUES (N'6b7e4e70-b102-496d-9fcf-f9301999fe51', N'd9325116-f8fc-4969-a628-6424111bda8a')
INSERT [dbo].[INVENTARIO_PRODUCTO] ([ID_INVENTARIO], [ID_PRODUCTO]) VALUES (N'6b7e4e70-b102-496d-9fcf-f9301999fe51', N'c67aec2a-cfdb-4772-90c9-65094a6c92bd')
INSERT [dbo].[INVENTARIO_PRODUCTO] ([ID_INVENTARIO], [ID_PRODUCTO]) VALUES (N'6b7e4e70-b102-496d-9fcf-f9301999fe51', N'b12be46c-1734-48bf-afdf-73043b5750e1')
INSERT [dbo].[INVENTARIO_PRODUCTO] ([ID_INVENTARIO], [ID_PRODUCTO]) VALUES (N'6b7e4e70-b102-496d-9fcf-f9301999fe51', N'f4417cfc-0327-46d1-a020-762efe6e5da2')
INSERT [dbo].[INVENTARIO_PRODUCTO] ([ID_INVENTARIO], [ID_PRODUCTO]) VALUES (N'6b7e4e70-b102-496d-9fcf-f9301999fe51', N'1db71fa7-8a92-4416-afb9-7992f3c1838b')
INSERT [dbo].[INVENTARIO_PRODUCTO] ([ID_INVENTARIO], [ID_PRODUCTO]) VALUES (N'6b7e4e70-b102-496d-9fcf-f9301999fe51', N'3730d75d-bbac-42cd-8685-89c53a9f325e')
INSERT [dbo].[INVENTARIO_PRODUCTO] ([ID_INVENTARIO], [ID_PRODUCTO]) VALUES (N'6b7e4e70-b102-496d-9fcf-f9301999fe51', N'202b8d96-77ed-4f7e-b30c-9f8c88084993')
INSERT [dbo].[INVENTARIO_PRODUCTO] ([ID_INVENTARIO], [ID_PRODUCTO]) VALUES (N'6b7e4e70-b102-496d-9fcf-f9301999fe51', N'b2dbb3e4-5374-4736-a744-c660576c6016')
INSERT [dbo].[INVENTARIO_PRODUCTO] ([ID_INVENTARIO], [ID_PRODUCTO]) VALUES (N'6b7e4e70-b102-496d-9fcf-f9301999fe51', N'7f7de1cf-b6c7-43f2-9bfa-cb8ff606a2c5')
INSERT [dbo].[INVENTARIO_PRODUCTO] ([ID_INVENTARIO], [ID_PRODUCTO]) VALUES (N'6b7e4e70-b102-496d-9fcf-f9301999fe51', N'24e41a99-744a-454b-83f2-d85152720643')
INSERT [dbo].[INVENTARIO_PRODUCTO] ([ID_INVENTARIO], [ID_PRODUCTO]) VALUES (N'6b7e4e70-b102-496d-9fcf-f9301999fe51', N'9a2e8a7b-8daa-4ff1-98f3-e063eae3f016')
INSERT [dbo].[INVENTARIO_PRODUCTO] ([ID_INVENTARIO], [ID_PRODUCTO]) VALUES (N'6b7e4e70-b102-496d-9fcf-f9301999fe51', N'c781ead6-7a74-4c50-a62c-e54cb2347549')
INSERT [dbo].[INVENTARIO_PRODUCTO] ([ID_INVENTARIO], [ID_PRODUCTO]) VALUES (N'6b7e4e70-b102-496d-9fcf-f9301999fe51', N'1fe9d07f-99cb-4954-baf4-ef2758cecff7')
INSERT [dbo].[INVENTARIO_PRODUCTO] ([ID_INVENTARIO], [ID_PRODUCTO]) VALUES (N'73d275ac-ac2b-45d9-9122-29c3b588a265', N'210a66a9-0e71-45d3-b076-10502a970096')
INSERT [dbo].[INVENTARIO_PRODUCTO] ([ID_INVENTARIO], [ID_PRODUCTO]) VALUES (N'73d275ac-ac2b-45d9-9122-29c3b588a265', N'602a33a8-7ec3-4925-8c23-13864e4c7429')
INSERT [dbo].[INVENTARIO_PRODUCTO] ([ID_INVENTARIO], [ID_PRODUCTO]) VALUES (N'73d275ac-ac2b-45d9-9122-29c3b588a265', N'403bd7eb-faf6-4394-8efc-228df7487654')
INSERT [dbo].[INVENTARIO_PRODUCTO] ([ID_INVENTARIO], [ID_PRODUCTO]) VALUES (N'73d275ac-ac2b-45d9-9122-29c3b588a265', N'27e313c7-da6d-4985-a773-2a027a58d065')
INSERT [dbo].[INVENTARIO_PRODUCTO] ([ID_INVENTARIO], [ID_PRODUCTO]) VALUES (N'73d275ac-ac2b-45d9-9122-29c3b588a265', N'b26f53e8-620a-44f0-81a3-44121b81e245')
INSERT [dbo].[INVENTARIO_PRODUCTO] ([ID_INVENTARIO], [ID_PRODUCTO]) VALUES (N'73d275ac-ac2b-45d9-9122-29c3b588a265', N'bcb08da2-697c-4697-ab46-4a18813dd9dd')
INSERT [dbo].[INVENTARIO_PRODUCTO] ([ID_INVENTARIO], [ID_PRODUCTO]) VALUES (N'73d275ac-ac2b-45d9-9122-29c3b588a265', N'f5199e7e-dce5-4cef-8860-4d7d68d92347')
INSERT [dbo].[INVENTARIO_PRODUCTO] ([ID_INVENTARIO], [ID_PRODUCTO]) VALUES (N'73d275ac-ac2b-45d9-9122-29c3b588a265', N'd9325116-f8fc-4969-a628-6424111bda8a')
INSERT [dbo].[INVENTARIO_PRODUCTO] ([ID_INVENTARIO], [ID_PRODUCTO]) VALUES (N'73d275ac-ac2b-45d9-9122-29c3b588a265', N'c67aec2a-cfdb-4772-90c9-65094a6c92bd')
INSERT [dbo].[INVENTARIO_PRODUCTO] ([ID_INVENTARIO], [ID_PRODUCTO]) VALUES (N'73d275ac-ac2b-45d9-9122-29c3b588a265', N'b12be46c-1734-48bf-afdf-73043b5750e1')
INSERT [dbo].[INVENTARIO_PRODUCTO] ([ID_INVENTARIO], [ID_PRODUCTO]) VALUES (N'73d275ac-ac2b-45d9-9122-29c3b588a265', N'f4417cfc-0327-46d1-a020-762efe6e5da2')
INSERT [dbo].[INVENTARIO_PRODUCTO] ([ID_INVENTARIO], [ID_PRODUCTO]) VALUES (N'73d275ac-ac2b-45d9-9122-29c3b588a265', N'1db71fa7-8a92-4416-afb9-7992f3c1838b')
INSERT [dbo].[INVENTARIO_PRODUCTO] ([ID_INVENTARIO], [ID_PRODUCTO]) VALUES (N'73d275ac-ac2b-45d9-9122-29c3b588a265', N'3730d75d-bbac-42cd-8685-89c53a9f325e')
INSERT [dbo].[INVENTARIO_PRODUCTO] ([ID_INVENTARIO], [ID_PRODUCTO]) VALUES (N'73d275ac-ac2b-45d9-9122-29c3b588a265', N'202b8d96-77ed-4f7e-b30c-9f8c88084993')
INSERT [dbo].[INVENTARIO_PRODUCTO] ([ID_INVENTARIO], [ID_PRODUCTO]) VALUES (N'73d275ac-ac2b-45d9-9122-29c3b588a265', N'b2dbb3e4-5374-4736-a744-c660576c6016')
INSERT [dbo].[INVENTARIO_PRODUCTO] ([ID_INVENTARIO], [ID_PRODUCTO]) VALUES (N'73d275ac-ac2b-45d9-9122-29c3b588a265', N'7f7de1cf-b6c7-43f2-9bfa-cb8ff606a2c5')
INSERT [dbo].[INVENTARIO_PRODUCTO] ([ID_INVENTARIO], [ID_PRODUCTO]) VALUES (N'73d275ac-ac2b-45d9-9122-29c3b588a265', N'24e41a99-744a-454b-83f2-d85152720643')
INSERT [dbo].[INVENTARIO_PRODUCTO] ([ID_INVENTARIO], [ID_PRODUCTO]) VALUES (N'73d275ac-ac2b-45d9-9122-29c3b588a265', N'9a2e8a7b-8daa-4ff1-98f3-e063eae3f016')
INSERT [dbo].[INVENTARIO_PRODUCTO] ([ID_INVENTARIO], [ID_PRODUCTO]) VALUES (N'73d275ac-ac2b-45d9-9122-29c3b588a265', N'c781ead6-7a74-4c50-a62c-e54cb2347549')
INSERT [dbo].[INVENTARIO_PRODUCTO] ([ID_INVENTARIO], [ID_PRODUCTO]) VALUES (N'73d275ac-ac2b-45d9-9122-29c3b588a265', N'1fe9d07f-99cb-4954-baf4-ef2758cecff7')
INSERT [dbo].[INVENTARIO_PRODUCTO] ([ID_INVENTARIO], [ID_PRODUCTO]) VALUES (N'45450d97-49ab-4bb8-b848-5566badc559d', N'210a66a9-0e71-45d3-b076-10502a970096')
INSERT [dbo].[INVENTARIO_PRODUCTO] ([ID_INVENTARIO], [ID_PRODUCTO]) VALUES (N'45450d97-49ab-4bb8-b848-5566badc559d', N'602a33a8-7ec3-4925-8c23-13864e4c7429')
INSERT [dbo].[INVENTARIO_PRODUCTO] ([ID_INVENTARIO], [ID_PRODUCTO]) VALUES (N'45450d97-49ab-4bb8-b848-5566badc559d', N'403bd7eb-faf6-4394-8efc-228df7487654')
INSERT [dbo].[INVENTARIO_PRODUCTO] ([ID_INVENTARIO], [ID_PRODUCTO]) VALUES (N'45450d97-49ab-4bb8-b848-5566badc559d', N'27e313c7-da6d-4985-a773-2a027a58d065')
INSERT [dbo].[INVENTARIO_PRODUCTO] ([ID_INVENTARIO], [ID_PRODUCTO]) VALUES (N'45450d97-49ab-4bb8-b848-5566badc559d', N'b26f53e8-620a-44f0-81a3-44121b81e245')
INSERT [dbo].[INVENTARIO_PRODUCTO] ([ID_INVENTARIO], [ID_PRODUCTO]) VALUES (N'45450d97-49ab-4bb8-b848-5566badc559d', N'bcb08da2-697c-4697-ab46-4a18813dd9dd')
INSERT [dbo].[INVENTARIO_PRODUCTO] ([ID_INVENTARIO], [ID_PRODUCTO]) VALUES (N'45450d97-49ab-4bb8-b848-5566badc559d', N'f5199e7e-dce5-4cef-8860-4d7d68d92347')
INSERT [dbo].[INVENTARIO_PRODUCTO] ([ID_INVENTARIO], [ID_PRODUCTO]) VALUES (N'45450d97-49ab-4bb8-b848-5566badc559d', N'd9325116-f8fc-4969-a628-6424111bda8a')
INSERT [dbo].[INVENTARIO_PRODUCTO] ([ID_INVENTARIO], [ID_PRODUCTO]) VALUES (N'45450d97-49ab-4bb8-b848-5566badc559d', N'c67aec2a-cfdb-4772-90c9-65094a6c92bd')
INSERT [dbo].[INVENTARIO_PRODUCTO] ([ID_INVENTARIO], [ID_PRODUCTO]) VALUES (N'45450d97-49ab-4bb8-b848-5566badc559d', N'b12be46c-1734-48bf-afdf-73043b5750e1')
INSERT [dbo].[INVENTARIO_PRODUCTO] ([ID_INVENTARIO], [ID_PRODUCTO]) VALUES (N'45450d97-49ab-4bb8-b848-5566badc559d', N'f4417cfc-0327-46d1-a020-762efe6e5da2')
INSERT [dbo].[INVENTARIO_PRODUCTO] ([ID_INVENTARIO], [ID_PRODUCTO]) VALUES (N'45450d97-49ab-4bb8-b848-5566badc559d', N'1db71fa7-8a92-4416-afb9-7992f3c1838b')
INSERT [dbo].[INVENTARIO_PRODUCTO] ([ID_INVENTARIO], [ID_PRODUCTO]) VALUES (N'45450d97-49ab-4bb8-b848-5566badc559d', N'3730d75d-bbac-42cd-8685-89c53a9f325e')
INSERT [dbo].[INVENTARIO_PRODUCTO] ([ID_INVENTARIO], [ID_PRODUCTO]) VALUES (N'45450d97-49ab-4bb8-b848-5566badc559d', N'202b8d96-77ed-4f7e-b30c-9f8c88084993')
INSERT [dbo].[INVENTARIO_PRODUCTO] ([ID_INVENTARIO], [ID_PRODUCTO]) VALUES (N'45450d97-49ab-4bb8-b848-5566badc559d', N'b2dbb3e4-5374-4736-a744-c660576c6016')
INSERT [dbo].[INVENTARIO_PRODUCTO] ([ID_INVENTARIO], [ID_PRODUCTO]) VALUES (N'45450d97-49ab-4bb8-b848-5566badc559d', N'7f7de1cf-b6c7-43f2-9bfa-cb8ff606a2c5')
INSERT [dbo].[INVENTARIO_PRODUCTO] ([ID_INVENTARIO], [ID_PRODUCTO]) VALUES (N'45450d97-49ab-4bb8-b848-5566badc559d', N'24e41a99-744a-454b-83f2-d85152720643')
INSERT [dbo].[INVENTARIO_PRODUCTO] ([ID_INVENTARIO], [ID_PRODUCTO]) VALUES (N'45450d97-49ab-4bb8-b848-5566badc559d', N'9a2e8a7b-8daa-4ff1-98f3-e063eae3f016')
INSERT [dbo].[INVENTARIO_PRODUCTO] ([ID_INVENTARIO], [ID_PRODUCTO]) VALUES (N'45450d97-49ab-4bb8-b848-5566badc559d', N'c781ead6-7a74-4c50-a62c-e54cb2347549')
INSERT [dbo].[INVENTARIO_PRODUCTO] ([ID_INVENTARIO], [ID_PRODUCTO]) VALUES (N'45450d97-49ab-4bb8-b848-5566badc559d', N'1fe9d07f-99cb-4954-baf4-ef2758cecff7')
INSERT [dbo].[INVENTARIO_PRODUCTO] ([ID_INVENTARIO], [ID_PRODUCTO]) VALUES (N'95c6c7e3-5e37-4239-ae31-562199729bad', N'210a66a9-0e71-45d3-b076-10502a970096')
INSERT [dbo].[INVENTARIO_PRODUCTO] ([ID_INVENTARIO], [ID_PRODUCTO]) VALUES (N'95c6c7e3-5e37-4239-ae31-562199729bad', N'602a33a8-7ec3-4925-8c23-13864e4c7429')
INSERT [dbo].[INVENTARIO_PRODUCTO] ([ID_INVENTARIO], [ID_PRODUCTO]) VALUES (N'95c6c7e3-5e37-4239-ae31-562199729bad', N'403bd7eb-faf6-4394-8efc-228df7487654')
INSERT [dbo].[INVENTARIO_PRODUCTO] ([ID_INVENTARIO], [ID_PRODUCTO]) VALUES (N'95c6c7e3-5e37-4239-ae31-562199729bad', N'27e313c7-da6d-4985-a773-2a027a58d065')
INSERT [dbo].[INVENTARIO_PRODUCTO] ([ID_INVENTARIO], [ID_PRODUCTO]) VALUES (N'95c6c7e3-5e37-4239-ae31-562199729bad', N'b26f53e8-620a-44f0-81a3-44121b81e245')
INSERT [dbo].[INVENTARIO_PRODUCTO] ([ID_INVENTARIO], [ID_PRODUCTO]) VALUES (N'95c6c7e3-5e37-4239-ae31-562199729bad', N'bcb08da2-697c-4697-ab46-4a18813dd9dd')
INSERT [dbo].[INVENTARIO_PRODUCTO] ([ID_INVENTARIO], [ID_PRODUCTO]) VALUES (N'95c6c7e3-5e37-4239-ae31-562199729bad', N'f5199e7e-dce5-4cef-8860-4d7d68d92347')
INSERT [dbo].[INVENTARIO_PRODUCTO] ([ID_INVENTARIO], [ID_PRODUCTO]) VALUES (N'95c6c7e3-5e37-4239-ae31-562199729bad', N'd9325116-f8fc-4969-a628-6424111bda8a')
INSERT [dbo].[INVENTARIO_PRODUCTO] ([ID_INVENTARIO], [ID_PRODUCTO]) VALUES (N'95c6c7e3-5e37-4239-ae31-562199729bad', N'c67aec2a-cfdb-4772-90c9-65094a6c92bd')
INSERT [dbo].[INVENTARIO_PRODUCTO] ([ID_INVENTARIO], [ID_PRODUCTO]) VALUES (N'95c6c7e3-5e37-4239-ae31-562199729bad', N'b12be46c-1734-48bf-afdf-73043b5750e1')
INSERT [dbo].[INVENTARIO_PRODUCTO] ([ID_INVENTARIO], [ID_PRODUCTO]) VALUES (N'95c6c7e3-5e37-4239-ae31-562199729bad', N'f4417cfc-0327-46d1-a020-762efe6e5da2')
INSERT [dbo].[INVENTARIO_PRODUCTO] ([ID_INVENTARIO], [ID_PRODUCTO]) VALUES (N'95c6c7e3-5e37-4239-ae31-562199729bad', N'1db71fa7-8a92-4416-afb9-7992f3c1838b')
INSERT [dbo].[INVENTARIO_PRODUCTO] ([ID_INVENTARIO], [ID_PRODUCTO]) VALUES (N'95c6c7e3-5e37-4239-ae31-562199729bad', N'3730d75d-bbac-42cd-8685-89c53a9f325e')
INSERT [dbo].[INVENTARIO_PRODUCTO] ([ID_INVENTARIO], [ID_PRODUCTO]) VALUES (N'95c6c7e3-5e37-4239-ae31-562199729bad', N'202b8d96-77ed-4f7e-b30c-9f8c88084993')
INSERT [dbo].[INVENTARIO_PRODUCTO] ([ID_INVENTARIO], [ID_PRODUCTO]) VALUES (N'95c6c7e3-5e37-4239-ae31-562199729bad', N'b2dbb3e4-5374-4736-a744-c660576c6016')
INSERT [dbo].[INVENTARIO_PRODUCTO] ([ID_INVENTARIO], [ID_PRODUCTO]) VALUES (N'95c6c7e3-5e37-4239-ae31-562199729bad', N'7f7de1cf-b6c7-43f2-9bfa-cb8ff606a2c5')
INSERT [dbo].[INVENTARIO_PRODUCTO] ([ID_INVENTARIO], [ID_PRODUCTO]) VALUES (N'95c6c7e3-5e37-4239-ae31-562199729bad', N'24e41a99-744a-454b-83f2-d85152720643')
INSERT [dbo].[INVENTARIO_PRODUCTO] ([ID_INVENTARIO], [ID_PRODUCTO]) VALUES (N'95c6c7e3-5e37-4239-ae31-562199729bad', N'9a2e8a7b-8daa-4ff1-98f3-e063eae3f016')
INSERT [dbo].[INVENTARIO_PRODUCTO] ([ID_INVENTARIO], [ID_PRODUCTO]) VALUES (N'95c6c7e3-5e37-4239-ae31-562199729bad', N'c781ead6-7a74-4c50-a62c-e54cb2347549')
INSERT [dbo].[INVENTARIO_PRODUCTO] ([ID_INVENTARIO], [ID_PRODUCTO]) VALUES (N'95c6c7e3-5e37-4239-ae31-562199729bad', N'1fe9d07f-99cb-4954-baf4-ef2758cecff7')
INSERT [dbo].[INVENTARIO_PRODUCTO] ([ID_INVENTARIO], [ID_PRODUCTO]) VALUES (N'7aaeec74-70aa-4128-8a1a-5572196a2a0f', N'210a66a9-0e71-45d3-b076-10502a970096')
INSERT [dbo].[INVENTARIO_PRODUCTO] ([ID_INVENTARIO], [ID_PRODUCTO]) VALUES (N'7aaeec74-70aa-4128-8a1a-5572196a2a0f', N'602a33a8-7ec3-4925-8c23-13864e4c7429')
INSERT [dbo].[INVENTARIO_PRODUCTO] ([ID_INVENTARIO], [ID_PRODUCTO]) VALUES (N'7aaeec74-70aa-4128-8a1a-5572196a2a0f', N'403bd7eb-faf6-4394-8efc-228df7487654')
INSERT [dbo].[INVENTARIO_PRODUCTO] ([ID_INVENTARIO], [ID_PRODUCTO]) VALUES (N'7aaeec74-70aa-4128-8a1a-5572196a2a0f', N'27e313c7-da6d-4985-a773-2a027a58d065')
INSERT [dbo].[INVENTARIO_PRODUCTO] ([ID_INVENTARIO], [ID_PRODUCTO]) VALUES (N'7aaeec74-70aa-4128-8a1a-5572196a2a0f', N'b26f53e8-620a-44f0-81a3-44121b81e245')
INSERT [dbo].[INVENTARIO_PRODUCTO] ([ID_INVENTARIO], [ID_PRODUCTO]) VALUES (N'7aaeec74-70aa-4128-8a1a-5572196a2a0f', N'bcb08da2-697c-4697-ab46-4a18813dd9dd')
INSERT [dbo].[INVENTARIO_PRODUCTO] ([ID_INVENTARIO], [ID_PRODUCTO]) VALUES (N'7aaeec74-70aa-4128-8a1a-5572196a2a0f', N'f5199e7e-dce5-4cef-8860-4d7d68d92347')
INSERT [dbo].[INVENTARIO_PRODUCTO] ([ID_INVENTARIO], [ID_PRODUCTO]) VALUES (N'7aaeec74-70aa-4128-8a1a-5572196a2a0f', N'd9325116-f8fc-4969-a628-6424111bda8a')
INSERT [dbo].[INVENTARIO_PRODUCTO] ([ID_INVENTARIO], [ID_PRODUCTO]) VALUES (N'7aaeec74-70aa-4128-8a1a-5572196a2a0f', N'c67aec2a-cfdb-4772-90c9-65094a6c92bd')
INSERT [dbo].[INVENTARIO_PRODUCTO] ([ID_INVENTARIO], [ID_PRODUCTO]) VALUES (N'7aaeec74-70aa-4128-8a1a-5572196a2a0f', N'b12be46c-1734-48bf-afdf-73043b5750e1')
INSERT [dbo].[INVENTARIO_PRODUCTO] ([ID_INVENTARIO], [ID_PRODUCTO]) VALUES (N'7aaeec74-70aa-4128-8a1a-5572196a2a0f', N'f4417cfc-0327-46d1-a020-762efe6e5da2')
INSERT [dbo].[INVENTARIO_PRODUCTO] ([ID_INVENTARIO], [ID_PRODUCTO]) VALUES (N'7aaeec74-70aa-4128-8a1a-5572196a2a0f', N'1db71fa7-8a92-4416-afb9-7992f3c1838b')
INSERT [dbo].[INVENTARIO_PRODUCTO] ([ID_INVENTARIO], [ID_PRODUCTO]) VALUES (N'7aaeec74-70aa-4128-8a1a-5572196a2a0f', N'3730d75d-bbac-42cd-8685-89c53a9f325e')
INSERT [dbo].[INVENTARIO_PRODUCTO] ([ID_INVENTARIO], [ID_PRODUCTO]) VALUES (N'7aaeec74-70aa-4128-8a1a-5572196a2a0f', N'202b8d96-77ed-4f7e-b30c-9f8c88084993')
INSERT [dbo].[INVENTARIO_PRODUCTO] ([ID_INVENTARIO], [ID_PRODUCTO]) VALUES (N'7aaeec74-70aa-4128-8a1a-5572196a2a0f', N'b2dbb3e4-5374-4736-a744-c660576c6016')
INSERT [dbo].[INVENTARIO_PRODUCTO] ([ID_INVENTARIO], [ID_PRODUCTO]) VALUES (N'7aaeec74-70aa-4128-8a1a-5572196a2a0f', N'7f7de1cf-b6c7-43f2-9bfa-cb8ff606a2c5')
INSERT [dbo].[INVENTARIO_PRODUCTO] ([ID_INVENTARIO], [ID_PRODUCTO]) VALUES (N'7aaeec74-70aa-4128-8a1a-5572196a2a0f', N'24e41a99-744a-454b-83f2-d85152720643')
INSERT [dbo].[INVENTARIO_PRODUCTO] ([ID_INVENTARIO], [ID_PRODUCTO]) VALUES (N'7aaeec74-70aa-4128-8a1a-5572196a2a0f', N'9a2e8a7b-8daa-4ff1-98f3-e063eae3f016')
INSERT [dbo].[INVENTARIO_PRODUCTO] ([ID_INVENTARIO], [ID_PRODUCTO]) VALUES (N'7aaeec74-70aa-4128-8a1a-5572196a2a0f', N'c781ead6-7a74-4c50-a62c-e54cb2347549')
INSERT [dbo].[INVENTARIO_PRODUCTO] ([ID_INVENTARIO], [ID_PRODUCTO]) VALUES (N'7aaeec74-70aa-4128-8a1a-5572196a2a0f', N'1fe9d07f-99cb-4954-baf4-ef2758cecff7')
GO
INSERT [dbo].[INVENTARIO_SUCURSAL] ([ID_INVENTARIO], [ID_SUCURSAL]) VALUES (N'a34d9405-ac6f-44df-91ff-f2bc78c96a98', N'efefa671-a738-42d8-9997-0c2a28b0a893')
INSERT [dbo].[INVENTARIO_SUCURSAL] ([ID_INVENTARIO], [ID_SUCURSAL]) VALUES (N'0089b60f-e279-40be-ad7a-53d0558eeffd', N'9459dee9-f4ae-4b72-9674-252da2654831')
INSERT [dbo].[INVENTARIO_SUCURSAL] ([ID_INVENTARIO], [ID_SUCURSAL]) VALUES (N'834dc206-afe6-4450-b890-46283cf02810', N'eb3e0335-4bf2-41a8-af20-26bb278df178')
INSERT [dbo].[INVENTARIO_SUCURSAL] ([ID_INVENTARIO], [ID_SUCURSAL]) VALUES (N'3eaa248e-bd50-4d2e-ba82-4280e804518a', N'87dc2cda-3e27-47b1-8bf8-37f9cc57da4e')
INSERT [dbo].[INVENTARIO_SUCURSAL] ([ID_INVENTARIO], [ID_SUCURSAL]) VALUES (N'b62456b2-a309-413a-bc0d-9c1ce61dc4b0', N'0429ead5-f2af-4988-a4ac-4caca794ef8c')
INSERT [dbo].[INVENTARIO_SUCURSAL] ([ID_INVENTARIO], [ID_SUCURSAL]) VALUES (N'6b7e4e70-b102-496d-9fcf-f9301999fe51', N'f16a6cca-9587-4670-b895-4cc4802af024')
INSERT [dbo].[INVENTARIO_SUCURSAL] ([ID_INVENTARIO], [ID_SUCURSAL]) VALUES (N'73d275ac-ac2b-45d9-9122-29c3b588a265', N'9cc608ac-aae7-42e3-8bee-525ecd82b1ea')
INSERT [dbo].[INVENTARIO_SUCURSAL] ([ID_INVENTARIO], [ID_SUCURSAL]) VALUES (N'45450d97-49ab-4bb8-b848-5566badc559d', N'b8a84708-60b9-408d-bac7-aba76257b2c9')
INSERT [dbo].[INVENTARIO_SUCURSAL] ([ID_INVENTARIO], [ID_SUCURSAL]) VALUES (N'95c6c7e3-5e37-4239-ae31-562199729bad', N'f71d34bd-4d24-46f8-b484-c5dac904ce1e')
INSERT [dbo].[INVENTARIO_SUCURSAL] ([ID_INVENTARIO], [ID_SUCURSAL]) VALUES (N'7aaeec74-70aa-4128-8a1a-5572196a2a0f', N'9ea321a8-25c1-49c6-a7f6-fe7a32b479de')
INSERT [dbo].[ORDEN_COMPRA] ([ID_ORDEN_COMPRA], [ID_PROVEEDOR], [ID_SUCURSAL], [FECHA_ORDEN_COMPRA]) VALUES (N'91cf6fae-bafa-4e36-930d-0ddd9235e2bc', N'ee42f401-e3c8-45f8-aae8-05fb224e64a9', N'efefa671-a738-42d8-9997-0c2a28b0a893', CAST(N'2016-01-25' AS Date))
INSERT [dbo].[ORDEN_COMPRA] ([ID_ORDEN_COMPRA], [ID_PROVEEDOR], [ID_SUCURSAL], [FECHA_ORDEN_COMPRA]) VALUES (N'46bfee9e-29da-4f68-9c66-38ac1955f034', N'a49672fe-4f2f-44c5-9582-21ef4ac9b452', N'f16a6cca-9587-4670-b895-4cc4802af024', CAST(N'2016-02-02' AS Date))
INSERT [dbo].[ORDEN_COMPRA] ([ID_ORDEN_COMPRA], [ID_PROVEEDOR], [ID_SUCURSAL], [FECHA_ORDEN_COMPRA]) VALUES (N'9778b42f-9803-4d82-9664-391c0638a859', N'975402c6-07b2-4deb-b2cf-160b2e70ce6b', N'87dc2cda-3e27-47b1-8bf8-37f9cc57da4e', CAST(N'2016-01-22' AS Date))
INSERT [dbo].[ORDEN_COMPRA] ([ID_ORDEN_COMPRA], [ID_PROVEEDOR], [ID_SUCURSAL], [FECHA_ORDEN_COMPRA]) VALUES (N'82c21576-04a4-4fca-b2a5-527851beaf5d', N'1ee755d7-e205-4d83-845e-233b63c3a056', N'9cc608ac-aae7-42e3-8bee-525ecd82b1ea', CAST(N'2016-02-08' AS Date))
INSERT [dbo].[ORDEN_COMPRA] ([ID_ORDEN_COMPRA], [ID_PROVEEDOR], [ID_SUCURSAL], [FECHA_ORDEN_COMPRA]) VALUES (N'bed5d4ef-5074-4339-afb4-73591316b2ed', N'd736ba51-533e-4a84-8985-32129e288a0f', N'9ea321a8-25c1-49c6-a7f6-fe7a32b479de', CAST(N'2016-03-09' AS Date))
INSERT [dbo].[ORDEN_COMPRA] ([ID_ORDEN_COMPRA], [ID_PROVEEDOR], [ID_SUCURSAL], [FECHA_ORDEN_COMPRA]) VALUES (N'f8d91eef-4941-417b-90f3-9ea2dfbb3c72', N'd736ba51-533e-4a84-8985-32129e288a0f', N'f71d34bd-4d24-46f8-b484-c5dac904ce1e', CAST(N'2016-03-06' AS Date))
INSERT [dbo].[ORDEN_COMPRA] ([ID_ORDEN_COMPRA], [ID_PROVEEDOR], [ID_SUCURSAL], [FECHA_ORDEN_COMPRA]) VALUES (N'b30aff86-cfc4-49c6-82d9-a1f13f0e5bf6', N'ee42f401-e3c8-45f8-aae8-05fb224e64a9', N'9459dee9-f4ae-4b72-9674-252da2654831', CAST(N'2016-01-18' AS Date))
INSERT [dbo].[ORDEN_COMPRA] ([ID_ORDEN_COMPRA], [ID_PROVEEDOR], [ID_SUCURSAL], [FECHA_ORDEN_COMPRA]) VALUES (N'f9ef0151-8acd-4800-a740-c7d872cfac1b', N'1ee755d7-e205-4d83-845e-233b63c3a056', N'b8a84708-60b9-408d-bac7-aba76257b2c9', CAST(N'2016-02-12' AS Date))
INSERT [dbo].[ORDEN_COMPRA] ([ID_ORDEN_COMPRA], [ID_PROVEEDOR], [ID_SUCURSAL], [FECHA_ORDEN_COMPRA]) VALUES (N'b7487a53-9538-4398-9102-cb6ff439cb5e', N'975402c6-07b2-4deb-b2cf-160b2e70ce6b', N'eb3e0335-4bf2-41a8-af20-26bb278df178', CAST(N'2016-01-22' AS Date))
INSERT [dbo].[ORDEN_COMPRA] ([ID_ORDEN_COMPRA], [ID_PROVEEDOR], [ID_SUCURSAL], [FECHA_ORDEN_COMPRA]) VALUES (N'a7e33a4b-c500-48a7-a928-ce4b8ad542df', N'a49672fe-4f2f-44c5-9582-21ef4ac9b452', N'0429ead5-f2af-4988-a4ac-4caca794ef8c', CAST(N'2016-01-05' AS Date))
INSERT [dbo].[PRODUCTO] ([ID_PRODUCTO], [NOMBRE_PRODUCTO], [CONCENTRACIÓN], [FORMA_FARMACEUTICA], [PRECIO]) VALUES (N'210a66a9-0e71-45d3-b076-10502a970096', N'Teofilina   ', N'Solución oral   ', N'Jarabe  ', 86)
INSERT [dbo].[PRODUCTO] ([ID_PRODUCTO], [NOMBRE_PRODUCTO], [CONCENTRACIÓN], [FORMA_FARMACEUTICA], [PRECIO]) VALUES (N'602a33a8-7ec3-4925-8c23-13864e4c7429', N'Sulfadiacina', N'Tableta oral', N'Tableta oral', 190)
INSERT [dbo].[PRODUCTO] ([ID_PRODUCTO], [NOMBRE_PRODUCTO], [CONCENTRACIÓN], [FORMA_FARMACEUTICA], [PRECIO]) VALUES (N'403bd7eb-faf6-4394-8efc-228df7487654', N'Cloroquina', N'Inyección', N'Solución ', 450)
INSERT [dbo].[PRODUCTO] ([ID_PRODUCTO], [NOMBRE_PRODUCTO], [CONCENTRACIÓN], [FORMA_FARMACEUTICA], [PRECIO]) VALUES (N'27e313c7-da6d-4985-a773-2a027a58d065', N'Estavudina ', N'Cápsula  ', N'Cápsula  ', 150)
INSERT [dbo].[PRODUCTO] ([ID_PRODUCTO], [NOMBRE_PRODUCTO], [CONCENTRACIÓN], [FORMA_FARMACEUTICA], [PRECIO]) VALUES (N'b26f53e8-620a-44f0-81a3-44121b81e245', N'Griseofulvina', N'Tableta oral micronizada', N'Tableta', 110)
INSERT [dbo].[PRODUCTO] ([ID_PRODUCTO], [NOMBRE_PRODUCTO], [CONCENTRACIÓN], [FORMA_FARMACEUTICA], [PRECIO]) VALUES (N'bcb08da2-697c-4697-ab46-4a18813dd9dd', N'Meropenem', N'Polvo para inyección', N'Polvo estéril', 163)
INSERT [dbo].[PRODUCTO] ([ID_PRODUCTO], [NOMBRE_PRODUCTO], [CONCENTRACIÓN], [FORMA_FARMACEUTICA], [PRECIO]) VALUES (N'f5199e7e-dce5-4cef-8860-4d7d68d92347', N'Ácido Paraaminosalicílico   ', N'Gránulos para suspensión oral    ', N'Gránulos  ', 1200)
INSERT [dbo].[PRODUCTO] ([ID_PRODUCTO], [NOMBRE_PRODUCTO], [CONCENTRACIÓN], [FORMA_FARMACEUTICA], [PRECIO]) VALUES (N'd9325116-f8fc-4969-a628-6424111bda8a', N'Bencilpenicilina', N'Polvo para inyección ', N'Polvo estéril', 500.2)
INSERT [dbo].[PRODUCTO] ([ID_PRODUCTO], [NOMBRE_PRODUCTO], [CONCENTRACIÓN], [FORMA_FARMACEUTICA], [PRECIO]) VALUES (N'c67aec2a-cfdb-4772-90c9-65094a6c92bd', N'Nistatina', N'Suspensión oral', N'Suspensión', 110)
INSERT [dbo].[PRODUCTO] ([ID_PRODUCTO], [NOMBRE_PRODUCTO], [CONCENTRACIÓN], [FORMA_FARMACEUTICA], [PRECIO]) VALUES (N'b12be46c-1734-48bf-afdf-73043b5750e1', N'Amikacina', N'Inyección', N'Solución', 160)
INSERT [dbo].[PRODUCTO] ([ID_PRODUCTO], [NOMBRE_PRODUCTO], [CONCENTRACIÓN], [FORMA_FARMACEUTICA], [PRECIO]) VALUES (N'f4417cfc-0327-46d1-a020-762efe6e5da2', N'Benznidazol  ', N'Tableta  ', N'Tableta  ', 169)
INSERT [dbo].[PRODUCTO] ([ID_PRODUCTO], [NOMBRE_PRODUCTO], [CONCENTRACIÓN], [FORMA_FARMACEUTICA], [PRECIO]) VALUES (N'1db71fa7-8a92-4416-afb9-7992f3c1838b', N'Omeprazol ', N'Cápsula  ', N'Cápsula  ', 149)
INSERT [dbo].[PRODUCTO] ([ID_PRODUCTO], [NOMBRE_PRODUCTO], [CONCENTRACIÓN], [FORMA_FARMACEUTICA], [PRECIO]) VALUES (N'3730d75d-bbac-42cd-8685-89c53a9f325e', N'Levofloxacina ', N'Tableta oral ', N'Tableta  ', 320)
INSERT [dbo].[PRODUCTO] ([ID_PRODUCTO], [NOMBRE_PRODUCTO], [CONCENTRACIÓN], [FORMA_FARMACEUTICA], [PRECIO]) VALUES (N'202b8d96-77ed-4f7e-b30c-9f8c88084993', N'Amoxicilina', N'Suspensión oral', N'Suspensión ', 120)
INSERT [dbo].[PRODUCTO] ([ID_PRODUCTO], [NOMBRE_PRODUCTO], [CONCENTRACIÓN], [FORMA_FARMACEUTICA], [PRECIO]) VALUES (N'b2dbb3e4-5374-4736-a744-c660576c6016', N'Dicloxacilina ', N'Suspensión oral', N'Suspensión ', 80.2)
INSERT [dbo].[PRODUCTO] ([ID_PRODUCTO], [NOMBRE_PRODUCTO], [CONCENTRACIÓN], [FORMA_FARMACEUTICA], [PRECIO]) VALUES (N'7f7de1cf-b6c7-43f2-9bfa-cb8ff606a2c5', N'Clindamicina', N'Cápsula', N'Cápsula', 50)
INSERT [dbo].[PRODUCTO] ([ID_PRODUCTO], [NOMBRE_PRODUCTO], [CONCENTRACIÓN], [FORMA_FARMACEUTICA], [PRECIO]) VALUES (N'24e41a99-744a-454b-83f2-d85152720643', N'Trimetoprim', N'Suspensión Oral', N'Suspensión', 151)
INSERT [dbo].[PRODUCTO] ([ID_PRODUCTO], [NOMBRE_PRODUCTO], [CONCENTRACIÓN], [FORMA_FARMACEUTICA], [PRECIO]) VALUES (N'9a2e8a7b-8daa-4ff1-98f3-e063eae3f016', N'Ampicilina ', N'Polvo para inyección', N'Polvo estéril', 160)
INSERT [dbo].[PRODUCTO] ([ID_PRODUCTO], [NOMBRE_PRODUCTO], [CONCENTRACIÓN], [FORMA_FARMACEUTICA], [PRECIO]) VALUES (N'c781ead6-7a74-4c50-a62c-e54cb2347549', N'Cefalexina ', N'Cápsula o Tableta oral', N'Cápsula o Tableta ', 250)
INSERT [dbo].[PRODUCTO] ([ID_PRODUCTO], [NOMBRE_PRODUCTO], [CONCENTRACIÓN], [FORMA_FARMACEUTICA], [PRECIO]) VALUES (N'1fe9d07f-99cb-4954-baf4-ef2758cecff7', N'Gentamicina', N'Inyección', N'Solución', 120)
INSERT [dbo].[PRODUCTO_CANTIDAD] ([ID_PRODUCTO], [CANTIDAD], [PRECIO], [TOTAL]) VALUES (N'210a66a9-0e71-45d3-b076-10502a970096', 50, 43, 2150)
INSERT [dbo].[PRODUCTO_CANTIDAD] ([ID_PRODUCTO], [CANTIDAD], [PRECIO], [TOTAL]) VALUES (N'602a33a8-7ec3-4925-8c23-13864e4c7429', 120, 95, 11400)
INSERT [dbo].[PRODUCTO_CANTIDAD] ([ID_PRODUCTO], [CANTIDAD], [PRECIO], [TOTAL]) VALUES (N'403bd7eb-faf6-4394-8efc-228df7487654', 150, 225, 33750)
INSERT [dbo].[PRODUCTO_CANTIDAD] ([ID_PRODUCTO], [CANTIDAD], [PRECIO], [TOTAL]) VALUES (N'27e313c7-da6d-4985-a773-2a027a58d065', 200, 75, 15000)
INSERT [dbo].[PRODUCTO_CANTIDAD] ([ID_PRODUCTO], [CANTIDAD], [PRECIO], [TOTAL]) VALUES (N'b26f53e8-620a-44f0-81a3-44121b81e245', 200, 55, 11000)
INSERT [dbo].[PRODUCTO_CANTIDAD] ([ID_PRODUCTO], [CANTIDAD], [PRECIO], [TOTAL]) VALUES (N'bcb08da2-697c-4697-ab46-4a18813dd9dd', 25, 82, 2050)
INSERT [dbo].[PRODUCTO_CANTIDAD] ([ID_PRODUCTO], [CANTIDAD], [PRECIO], [TOTAL]) VALUES (N'f5199e7e-dce5-4cef-8860-4d7d68d92347', 75, 600, 45000)
INSERT [dbo].[PRODUCTO_CANTIDAD] ([ID_PRODUCTO], [CANTIDAD], [PRECIO], [TOTAL]) VALUES (N'd9325116-f8fc-4969-a628-6424111bda8a', 65, 250, 16250)
INSERT [dbo].[PRODUCTO_CANTIDAD] ([ID_PRODUCTO], [CANTIDAD], [PRECIO], [TOTAL]) VALUES (N'c67aec2a-cfdb-4772-90c9-65094a6c92bd', 85, 55, 4675)
INSERT [dbo].[PRODUCTO_CANTIDAD] ([ID_PRODUCTO], [CANTIDAD], [PRECIO], [TOTAL]) VALUES (N'b12be46c-1734-48bf-afdf-73043b5750e1', 35, 80, 2800)
INSERT [dbo].[PRODUCTO_CANTIDAD] ([ID_PRODUCTO], [CANTIDAD], [PRECIO], [TOTAL]) VALUES (N'f4417cfc-0327-46d1-a020-762efe6e5da2', 20, 85, 1700)
INSERT [dbo].[PRODUCTO_CANTIDAD] ([ID_PRODUCTO], [CANTIDAD], [PRECIO], [TOTAL]) VALUES (N'1db71fa7-8a92-4416-afb9-7992f3c1838b', 35, 75, 2625)
INSERT [dbo].[PRODUCTO_CANTIDAD] ([ID_PRODUCTO], [CANTIDAD], [PRECIO], [TOTAL]) VALUES (N'3730d75d-bbac-42cd-8685-89c53a9f325e', 100, 160, 16000)
INSERT [dbo].[PRODUCTO_CANTIDAD] ([ID_PRODUCTO], [CANTIDAD], [PRECIO], [TOTAL]) VALUES (N'202b8d96-77ed-4f7e-b30c-9f8c88084993', 180, 60, 10800)
INSERT [dbo].[PRODUCTO_CANTIDAD] ([ID_PRODUCTO], [CANTIDAD], [PRECIO], [TOTAL]) VALUES (N'b2dbb3e4-5374-4736-a744-c660576c6016', 200, 40, 8000)
INSERT [dbo].[PRODUCTO_CANTIDAD] ([ID_PRODUCTO], [CANTIDAD], [PRECIO], [TOTAL]) VALUES (N'7f7de1cf-b6c7-43f2-9bfa-cb8ff606a2c5', 250, 25, 6250)
INSERT [dbo].[PRODUCTO_CANTIDAD] ([ID_PRODUCTO], [CANTIDAD], [PRECIO], [TOTAL]) VALUES (N'24e41a99-744a-454b-83f2-d85152720643', 300, 75, 22500)
INSERT [dbo].[PRODUCTO_CANTIDAD] ([ID_PRODUCTO], [CANTIDAD], [PRECIO], [TOTAL]) VALUES (N'9a2e8a7b-8daa-4ff1-98f3-e063eae3f016', 80, 80, 6400)
INSERT [dbo].[PRODUCTO_CANTIDAD] ([ID_PRODUCTO], [CANTIDAD], [PRECIO], [TOTAL]) VALUES (N'c781ead6-7a74-4c50-a62c-e54cb2347549', 65, 125, 8125)
INSERT [dbo].[PRODUCTO_CANTIDAD] ([ID_PRODUCTO], [CANTIDAD], [PRECIO], [TOTAL]) VALUES (N'1fe9d07f-99cb-4954-baf4-ef2758cecff7', 55, 60, 3300)
INSERT [dbo].[PRODUCTO_CANTIDAD_ALMACEN] ([ID_PRODUCTO], [CANTIDAD_ALMACEN]) VALUES (N'210a66a9-0e71-45d3-b076-10502a970096', 50)
INSERT [dbo].[PRODUCTO_CANTIDAD_ALMACEN] ([ID_PRODUCTO], [CANTIDAD_ALMACEN]) VALUES (N'602a33a8-7ec3-4925-8c23-13864e4c7429', 120)
INSERT [dbo].[PRODUCTO_CANTIDAD_ALMACEN] ([ID_PRODUCTO], [CANTIDAD_ALMACEN]) VALUES (N'403bd7eb-faf6-4394-8efc-228df7487654', 150)
INSERT [dbo].[PRODUCTO_CANTIDAD_ALMACEN] ([ID_PRODUCTO], [CANTIDAD_ALMACEN]) VALUES (N'27e313c7-da6d-4985-a773-2a027a58d065', 200)
INSERT [dbo].[PRODUCTO_CANTIDAD_ALMACEN] ([ID_PRODUCTO], [CANTIDAD_ALMACEN]) VALUES (N'b26f53e8-620a-44f0-81a3-44121b81e245', 200)
INSERT [dbo].[PRODUCTO_CANTIDAD_ALMACEN] ([ID_PRODUCTO], [CANTIDAD_ALMACEN]) VALUES (N'bcb08da2-697c-4697-ab46-4a18813dd9dd', 25)
INSERT [dbo].[PRODUCTO_CANTIDAD_ALMACEN] ([ID_PRODUCTO], [CANTIDAD_ALMACEN]) VALUES (N'f5199e7e-dce5-4cef-8860-4d7d68d92347', 75)
INSERT [dbo].[PRODUCTO_CANTIDAD_ALMACEN] ([ID_PRODUCTO], [CANTIDAD_ALMACEN]) VALUES (N'd9325116-f8fc-4969-a628-6424111bda8a', 65)
INSERT [dbo].[PRODUCTO_CANTIDAD_ALMACEN] ([ID_PRODUCTO], [CANTIDAD_ALMACEN]) VALUES (N'c67aec2a-cfdb-4772-90c9-65094a6c92bd', 85)
INSERT [dbo].[PRODUCTO_CANTIDAD_ALMACEN] ([ID_PRODUCTO], [CANTIDAD_ALMACEN]) VALUES (N'b12be46c-1734-48bf-afdf-73043b5750e1', 35)
INSERT [dbo].[PRODUCTO_CANTIDAD_ALMACEN] ([ID_PRODUCTO], [CANTIDAD_ALMACEN]) VALUES (N'f4417cfc-0327-46d1-a020-762efe6e5da2', 20)
INSERT [dbo].[PRODUCTO_CANTIDAD_ALMACEN] ([ID_PRODUCTO], [CANTIDAD_ALMACEN]) VALUES (N'1db71fa7-8a92-4416-afb9-7992f3c1838b', 35)
INSERT [dbo].[PRODUCTO_CANTIDAD_ALMACEN] ([ID_PRODUCTO], [CANTIDAD_ALMACEN]) VALUES (N'3730d75d-bbac-42cd-8685-89c53a9f325e', 100)
INSERT [dbo].[PRODUCTO_CANTIDAD_ALMACEN] ([ID_PRODUCTO], [CANTIDAD_ALMACEN]) VALUES (N'202b8d96-77ed-4f7e-b30c-9f8c88084993', 180)
INSERT [dbo].[PRODUCTO_CANTIDAD_ALMACEN] ([ID_PRODUCTO], [CANTIDAD_ALMACEN]) VALUES (N'b2dbb3e4-5374-4736-a744-c660576c6016', 200)
INSERT [dbo].[PRODUCTO_CANTIDAD_ALMACEN] ([ID_PRODUCTO], [CANTIDAD_ALMACEN]) VALUES (N'7f7de1cf-b6c7-43f2-9bfa-cb8ff606a2c5', 250)
INSERT [dbo].[PRODUCTO_CANTIDAD_ALMACEN] ([ID_PRODUCTO], [CANTIDAD_ALMACEN]) VALUES (N'24e41a99-744a-454b-83f2-d85152720643', 300)
INSERT [dbo].[PRODUCTO_CANTIDAD_ALMACEN] ([ID_PRODUCTO], [CANTIDAD_ALMACEN]) VALUES (N'9a2e8a7b-8daa-4ff1-98f3-e063eae3f016', 80)
INSERT [dbo].[PRODUCTO_CANTIDAD_ALMACEN] ([ID_PRODUCTO], [CANTIDAD_ALMACEN]) VALUES (N'c781ead6-7a74-4c50-a62c-e54cb2347549', 65)
INSERT [dbo].[PRODUCTO_CANTIDAD_ALMACEN] ([ID_PRODUCTO], [CANTIDAD_ALMACEN]) VALUES (N'1fe9d07f-99cb-4954-baf4-ef2758cecff7', 55)
INSERT [dbo].[PROVEEDOR] ([ID_PROVEEDOR], [NOMBRE], [TELEFONO], [DIRECCION], [CORREO]) VALUES (N'ee42f401-e3c8-45f8-aae8-05fb224e64a9', N'Farmacos Tapía', N'8114569325', N'Av.Metro #469', N'farmacostapia@gmail.com')
INSERT [dbo].[PROVEEDOR] ([ID_PROVEEDOR], [NOMBRE], [TELEFONO], [DIRECCION], [CORREO]) VALUES (N'975402c6-07b2-4deb-b2cf-160b2e70ce6b', N'Farmacos Hernandez', N'8117874569', N'Av.Central #258', N'farmacoshernandez@gmail.com')
INSERT [dbo].[PROVEEDOR] ([ID_PROVEEDOR], [NOMBRE], [TELEFONO], [DIRECCION], [CORREO]) VALUES (N'a49672fe-4f2f-44c5-9582-21ef4ac9b452', N'Farmacos Jimenez', N'8114598741', N'Av.Neptuno #3321', N'farmacosjimenez@gmail.com')
INSERT [dbo].[PROVEEDOR] ([ID_PROVEEDOR], [NOMBRE], [TELEFONO], [DIRECCION], [CORREO]) VALUES (N'1ee755d7-e205-4d83-845e-233b63c3a056', N'Farmacos Marquez', N'8119987402', N'Av.Palermo', N'farmacosmarquez@gmail.com')
INSERT [dbo].[PROVEEDOR] ([ID_PROVEEDOR], [NOMBRE], [TELEFONO], [DIRECCION], [CORREO]) VALUES (N'd736ba51-533e-4a84-8985-32129e288a0f', N'Farmacos Gonzalez', N'8184520121', N'Av.Bocanegra #659', N'farmacosgonzalez@gmail.com')
INSERT [dbo].[PUESTO] ([ID_PUESTO], [TIPO], [SUELDO]) VALUES (N'8f02686a-b7e0-4255-9bd2-47f48d834693', N'Administrador Base de Datos', 2500.0000)
INSERT [dbo].[PUESTO] ([ID_PUESTO], [TIPO], [SUELDO]) VALUES (N'032faf0f-c76c-4827-992f-4bdeb2de15ac', N'Vendedor', 800.0000)
INSERT [dbo].[SUCURSAL] ([ID_SUCURSAL], [NOMBRE_SUCURSAL], [DIRECCION], [TELEFONO], [ID_PROVEEDOR]) VALUES (N'efefa671-a738-42d8-9997-0c2a28b0a893', N'Pharmacy 1', N'Av.Nogalar #1510', N'83654890', N'ee42f401-e3c8-45f8-aae8-05fb224e64a9')
INSERT [dbo].[SUCURSAL] ([ID_SUCURSAL], [NOMBRE_SUCURSAL], [DIRECCION], [TELEFONO], [ID_PROVEEDOR]) VALUES (N'9459dee9-f4ae-4b72-9674-252da2654831', N'Pharmacy 14', N'Av.Don Carbón #477', N'831578019', N'1ee755d7-e205-4d83-845e-233b63c3a056')
INSERT [dbo].[SUCURSAL] ([ID_SUCURSAL], [NOMBRE_SUCURSAL], [DIRECCION], [TELEFONO], [ID_PROVEEDOR]) VALUES (N'eb3e0335-4bf2-41a8-af20-26bb278df178', N'Pharmacy 2', N'Av.Ruiz Cortinez #520', N'83458577', N'975402c6-07b2-4deb-b2cf-160b2e70ce6b')
INSERT [dbo].[SUCURSAL] ([ID_SUCURSAL], [NOMBRE_SUCURSAL], [DIRECCION], [TELEFONO], [ID_PROVEEDOR]) VALUES (N'87dc2cda-3e27-47b1-8bf8-37f9cc57da4e', N'Pharmacy 12', N'Av.República Mexicana #458', N'8347851200', N'975402c6-07b2-4deb-b2cf-160b2e70ce6b')
INSERT [dbo].[SUCURSAL] ([ID_SUCURSAL], [NOMBRE_SUCURSAL], [DIRECCION], [TELEFONO], [ID_PROVEEDOR]) VALUES (N'0429ead5-f2af-4988-a4ac-4caca794ef8c', N'Pharmacy 13', N'Av.Industrial #212', N'8310258748', N'a49672fe-4f2f-44c5-9582-21ef4ac9b452')
INSERT [dbo].[SUCURSAL] ([ID_SUCURSAL], [NOMBRE_SUCURSAL], [DIRECCION], [TELEFONO], [ID_PROVEEDOR]) VALUES (N'f16a6cca-9587-4670-b895-4cc4802af024', N'Pharmacy 4', N'Av.Americas #784', N'83874896', N'1ee755d7-e205-4d83-845e-233b63c3a056')
INSERT [dbo].[SUCURSAL] ([ID_SUCURSAL], [NOMBRE_SUCURSAL], [DIRECCION], [TELEFONO], [ID_PROVEEDOR]) VALUES (N'9cc608ac-aae7-42e3-8bee-525ecd82b1ea', N'Pharmacy 5', N'Av.Lincoln #6174', N'8354896320', N'd736ba51-533e-4a84-8985-32129e288a0f')
INSERT [dbo].[SUCURSAL] ([ID_SUCURSAL], [NOMBRE_SUCURSAL], [DIRECCION], [TELEFONO], [ID_PROVEEDOR]) VALUES (N'b8a84708-60b9-408d-bac7-aba76257b2c9', N'Pharmacy 15', N'Av.Eugenio Garza Sada #880', N'834784510', N'd736ba51-533e-4a84-8985-32129e288a0f')
INSERT [dbo].[SUCURSAL] ([ID_SUCURSAL], [NOMBRE_SUCURSAL], [DIRECCION], [TELEFONO], [ID_PROVEEDOR]) VALUES (N'f71d34bd-4d24-46f8-b484-c5dac904ce1e', N'Pharmacy 11', N'Av.Sendero #250', N'8322012587', N'ee42f401-e3c8-45f8-aae8-05fb224e64a9')
INSERT [dbo].[SUCURSAL] ([ID_SUCURSAL], [NOMBRE_SUCURSAL], [DIRECCION], [TELEFONO], [ID_PROVEEDOR]) VALUES (N'9ea321a8-25c1-49c6-a7f6-fe7a32b479de', N'Pharmacy 3', N'Av.Miguel Aleman #5870', N'83451030', N'a49672fe-4f2f-44c5-9582-21ef4ac9b452')
INSERT [dbo].[USUARIOS] ([ID_USUARIO], [PASSWORD], [ID_EMPLEADO], [ADMINISTRADOR]) VALUES (N'1', N'123', N'aebdb8c8-15af-4d32-86c6-0bd684fe0a0d', 0)
INSERT [dbo].[USUARIOS] ([ID_USUARIO], [PASSWORD], [ID_EMPLEADO], [ADMINISTRADOR]) VALUES (N'10', N'123', N'25c2f080-0aaa-45bf-bca6-f0bee92cde0e', 0)
INSERT [dbo].[USUARIOS] ([ID_USUARIO], [PASSWORD], [ID_EMPLEADO], [ADMINISTRADOR]) VALUES (N'11', N'123', N'13d1c514-b907-4528-869b-f5ff8a973607', 0)
INSERT [dbo].[USUARIOS] ([ID_USUARIO], [PASSWORD], [ID_EMPLEADO], [ADMINISTRADOR]) VALUES (N'2', N'123', N'e9375359-b1cc-4d68-b843-39ee13ef5b8b', 0)
INSERT [dbo].[USUARIOS] ([ID_USUARIO], [PASSWORD], [ID_EMPLEADO], [ADMINISTRADOR]) VALUES (N'3', N'123', N'b4da26d0-9ffe-4d48-9ca4-43524a6f4c1e', 0)
INSERT [dbo].[USUARIOS] ([ID_USUARIO], [PASSWORD], [ID_EMPLEADO], [ADMINISTRADOR]) VALUES (N'4', N'123', N'd742586b-1c73-48da-9840-593403e367f3', 0)
INSERT [dbo].[USUARIOS] ([ID_USUARIO], [PASSWORD], [ID_EMPLEADO], [ADMINISTRADOR]) VALUES (N'5', N'123', N'0cbd2a48-ce91-43d7-a834-672f7d7dc4de', 0)
INSERT [dbo].[USUARIOS] ([ID_USUARIO], [PASSWORD], [ID_EMPLEADO], [ADMINISTRADOR]) VALUES (N'6', N'123', N'a6182096-27e4-46b0-9bcd-947a311ce397', 0)
INSERT [dbo].[USUARIOS] ([ID_USUARIO], [PASSWORD], [ID_EMPLEADO], [ADMINISTRADOR]) VALUES (N'7', N'123', N'6645327a-009d-499a-86ea-9bd82ab762da', 0)
INSERT [dbo].[USUARIOS] ([ID_USUARIO], [PASSWORD], [ID_EMPLEADO], [ADMINISTRADOR]) VALUES (N'8', N'admin', N'fdf33d68-86fb-4fb4-8e23-cfbf05bfe0f0', 1)
INSERT [dbo].[USUARIOS] ([ID_USUARIO], [PASSWORD], [ID_EMPLEADO], [ADMINISTRADOR]) VALUES (N'9', N'123', N'bd89ad6c-b52a-4dd7-8dcb-e08ce356a869', 0)






CREATE VIEW [USUARIOSADMIN] as
SELECT usr.ID_EMPLEADO, usr.ID_USUARIO, usr.ADMINISTRADOR, emp.NOMBRE, emp.APELLIDOS, emp.TELEFONO, emp.CORREO
FROM [EMPLEADO] emp
INNER JOIN [USUARIOS] as usr on usr.ID_EMPLEADO = emp.ID_EMPLEADO
GO

CREATE VIEW [PROVEEDORYSUCURSAL] AS
SELECT PROVEEDOR.NOMBRE, SUCURSAL.NOMBRE_SUCURSAL
FROM PROVEEDOR
LEFT JOIN SUCURSAL ON PROVEEDOR.ID_PROVEEDOR = SUCURSAL.ID_PROVEEDOR
GO

CREATE VIEW [FECHAORDENCOMPRAPROVEEDOR] as 
SELECT PROVEEDOR.NOMBRE, ORDEN_COMPRA.FECHA_ORDEN_COMPRA
FROM PROVEEDOR
LEFT JOIN ORDEN_COMPRA ON PROVEEDOR.ID_PROVEEDOR = ORDEN_COMPRA.ID_PROVEEDOR
GO

CREATE VIEW [PRODUCTOSALMACEN] AS
SELECT PRODUCTO.NOMBRE_PRODUCTO, PRODUCTO.CONCENTRACIÓN, PRODUCTO.PRECIO, pad.CANTIDAD, pad.TOTAL
FROM PRODUCTO
RIGHT JOIN PRODUCTO_CANTIDAD AS pad ON pad.ID_PRODUCTO = PRODUCTO.ID_PRODUCTO
GO

CREATE VIEW [SUCURSALPROVEE]
SELECT COUNT(SUCURSAL.ID_SUCURSAL) AS 'SUCURSALES DISTRIBUIDORAS', COUNT(PROVEEDOR.ID_PROVEEDOR) AS 'PROVEEDORES SURTIDORES'
FROM PROVEEDOR
INNER JOIN SUCURSAL ON SUCURSAL.ID_PROVEEDOR = PROVEEDOR.ID_PROVEEDOR
GO

SELECT * 
FROM(
SELECT EMPLEADO.NOMBRE, EMPLEADO.APELLIDOS, EMPLEADO.CORREO, EMPLEADO.TELEFONO, PUESTO.TIPO, PUESTO.SUELDO
FROM PUESTO
INNER JOIN EMPLEADO ON EMPLEADO.ID_PUESTO = PUESTO.ID_PUESTO
)AS SEMIV
WHERE SEMIV.SUELDO > 800
GO

WITH SEMIV AS (
SELECT EMPLEADO.NOMBRE, EMPLEADO.APELLIDOS, EMPLEADO.CORREO, EMPLEADO.TELEFONO, PUESTO.TIPO, PUESTO.SUELDO
FROM PUESTO
INNER JOIN EMPLEADO ON EMPLEADO.ID_PUESTO = PUESTO.ID_PUESTO
)
SELECT *
FROM SEMIV
WHERE SEMIV.SUELDO > 800
GO

SELECT PROVEEDOR.NOMBRE, SUCURSAL.NOMBRE_SUCURSAL
INTO #TEMP
FROM [PROVEEDOR], SUCURSAL
WHERE PROVEEDOR.ID_PROVEEDOR = SUCURSAL.ID_PROVEEDOR
GO

UPDATE #TEMP
SET NOMBRE = 'GODINEZ', NOMBRE_SUCURSAL = 'BENAVIDES'
WHERE NOMBRE LIKE '%HERNANDEZ%'